date,temp_max,temp_min,temp_mean,humidity,precipitation,wind_speed,pressure
2021-07-09,36.6,27.5,31.7,58,0.0,17.8,1001.1
2021-07-10,38.0,28.5,33.2,57,0.0,14.2,1000.1
2021-07-11,34.9,27.5,30.7,75,22.9,14.4,999.7
2021-07-12,33.9,26.5,29.5,84,21.0,17.7,998.4
2021-07-13,35.4,27.2,30.4,77,2.8,20.5,998.6
2021-07-14,34.4,26.6,30.2,73,2.9,14.4,999.7
2021-07-15,34.0,27.3,30.2,79,5.5,12.1,999.4
2021-07-16,35.1,26.7,30.1,75,1.5,17.9,1001.3
2021-07-17,35.5,26.7,30.8,70,0.8,17.7,1002.9
2021-07-18,31.3,27.7,29.1,81,5.4,18.5,1001.8
2021-07-19,33.6,26.5,29.9,71,2.1,22.4,1000.1
2021-07-20,33.0,26.9,29.1,72,0.9,25.1,1001.4
2021-07-21,33.6,26.4,29.7,74,3.2,28.6,999.8
2021-07-22,34.5,26.8,30.4,72,2.5,24.5,997.6
2021-07-23,33.2,27.3,29.4,77,1.9,13.7,997.9
2021-07-24,33.4,25.8,28.6,83,14.2,22.8,999.5
2021-07-25,27.2,26.0,26.5,95,51.0,18.5,1000.1
2021-07-26,29.3,25.2,26.6,90,72.5,21.8,1000.4
2021-07-27,30.6,25.4,27.2,85,5.9,21.5,999.6
2021-07-28,30.5,25.5,27.8,79,2.2,24.9,999.7
2021-07-29,30.9,25.8,27.6,80,3.2,29.0,1000.7
2021-07-30,31.4,25.6,28.0,78,2.7,26.8,1001.7
2021-07-31,29.7,25.8,27.5,80,2.5,25.4,1003.1
2021-08-01,30.2,25.6,27.6,79,3.3,28.5,1001.9
2021-08-02,29.5,25.4,27.0,82,2.3,20.6,1002.4
2021-08-03,29.1,25.4,27.3,80,1.1,23.6,1003.7
2021-08-04,31.0,25.7,28.0,78,1.3,22.9,1003.5
2021-08-05,31.9,25.0,28.3,77,0.6,18.1,1002.4
2021-08-06,31.6,25.5,28.2,77,0.3,13.4,1002.3
2021-08-07,31.5,25.6,28.3,75,0.0,12.0,1003.5
2021-08-08,32.6,26.0,28.9,75,0.2,11.6,1005.0
2021-08-09,33.2,26.2,29.1,72,0.1,14.8,1006.1
2021-08-10,32.7,26.0,28.8,72,0.3,14.5,1005.8
2021-08-11,32.5,25.7,28.7,72,1.3,17.1,1005.5
2021-08-12,32.4,26.0,28.9,70,0.5,15.5,1006.3
2021-08-13,33.3,26.4,29.3,68,0.0,17.1,1005.0
2021-08-14,33.4,25.6,29.2,67,0.0,15.7,1002.9
2021-08-15,34.1,25.7,29.6,65,0.6,14.8,1003.4
2021-08-16,33.8,25.9,29.4,69,0.5,11.4,1005.6
2021-08-17,35.4,26.6,30.8,61,0.0,15.4,1005.3
2021-08-18,35.1,27.0,30.4,61,0.0,15.8,1003.8
2021-08-19,34.1,26.7,29.2,68,0.0,17.8,1003.4
2021-08-20,34.1,26.4,29.2,68,0.0,15.6,1004.1
2021-08-21,28.7,25.7,27.1,80,11.1,13.2,1005.7
2021-08-22,32.2,25.0,28.2,78,5.8,13.5,1005.9
2021-08-23,32.1,25.4,28.3,80,3.5,13.0,1005.8
2021-08-24,33.2,26.5,29.3,72,1.3,17.0,1005.6
2021-08-25,33.3,25.8,29.1,68,0.3,16.5,1004.2
2021-08-26,33.6,25.4,29.1,66,0.3,19.2,1002.3
2021-08-27,34.2,25.0,29.2,65,0.1,14.5,1002.4
2021-08-28,34.1,26.7,29.7,65,0.6,12.5,1002.1
2021-08-29,33.8,26.2,29.8,66,0.0,12.7,1002.2
2021-08-30,35.0,26.6,29.4,74,4.8,13.8,1003.7
2021-08-31,30.7,25.4,27.7,87,15.4,13.9,1003.7
2021-09-01,30.0,25.4,27.2,90,55.5,12.0,1003.1
2021-09-02,31.3,24.9,27.2,85,13.6,20.0,1002.3
2021-09-03,30.6,25.4,27.6,83,2.8,20.7,1002.4
2021-09-04,31.5,25.6,28.1,78,1.9,14.5,1003.1
2021-09-05,30.9,25.6,27.2,85,7.1,10.6,1003.7
2021-09-06,32.3,25.7,28.5,83,3.0,9.3,1003.9
2021-09-07,33.2,26.5,29.1,85,10.3,13.1,1002.6
2021-09-08,32.8,25.6,28.8,84,16.1,13.2,1000.3
2021-09-09,28.8,25.3,26.6,92,29.3,12.2,1001.9
2021-09-10,28.0,24.9,26.3,91,6.9,17.0,1002.8
2021-09-11,28.7,24.6,26.0,92,18.1,12.3,1001.0
2021-09-12,27.1,24.6,25.3,97,104.0,17.8,999.0
2021-09-13,30.4,24.5,27.0,90,14.4,11.7,998.5
2021-09-14,30.9,25.2,27.5,90,21.7,12.7,1000.1
2021-09-15,30.7,25.4,27.7,86,2.2,16.8,1001.6
2021-09-16,30.3,25.1,27.4,85,2.0,12.6,1002.9
2021-09-17,29.9,25.2,26.9,90,3.2,15.8,1003.3
2021-09-18,30.8,24.8,27.1,89,7.8,11.2,1005.4
2021-09-19,30.1,25.2,26.8,91,20.0,15.2,1007.2
2021-09-20,30.3,25.0,27.0,91,17.8,13.7,1006.6
2021-09-21,29.5,24.4,26.3,93,16.7,14.1,1005.2
2021-09-22,30.3,24.8,26.8,88,5.5,11.3,1003.6
2021-09-23,28.7,24.5,26.0,94,13.6,17.5,1003.9
2021-09-24,30.9,24.5,26.9,90,6.3,9.7,1005.6
2021-09-25,29.9,24.5,26.8,90,6.1,10.5,1006.1
2021-09-26,29.2,25.1,26.9,89,9.0,12.7,1004.8
2021-09-27,29.3,24.6,26.0,91,27.9,6.2,1003.7
2021-09-28,32.2,24.7,27.7,89,11.9,15.5,1002.5
2021-09-29,29.1,25.0,26.7,88,33.3,34.9,1001.1
2021-09-30,29.9,25.0,26.9,87,7.8,24.7,1006.5
2021-10-01,31.2,24.4,27.5,86,1.2,10.0,1008.6
2021-10-02,32.2,24.4,28.0,82,0.0,6.4,1008.5
2021-10-03,31.7,25.4,28.2,80,0.0,10.5,1007.8
2021-10-04,31.4,24.4,27.8,79,0.0,10.6,1007.0
2021-10-05,31.8,24.8,27.9,82,0.0,10.3,1007.9
2021-10-06,33.2,25.4,28.9,75,0.1,12.3,1007.5
2021-10-07,33.7,25.5,29.4,80,0.0,8.6,1006.2
2021-10-08,33.1,26.0,29.2,81,0.8,13.2,1005.8
2021-10-09,31.8,25.6,28.2,85,3.4,7.7,1007.5
2021-10-10,30.9,24.8,28.0,86,0.0,7.9,1007.8
2021-10-11,31.9,25.0,28.3,83,0.0,8.4,1006.7
2021-10-12,32.6,25.1,28.5,78,0.0,9.4,1006.7
2021-10-13,34.9,24.1,28.7,67,0.0,11.5,1006.8
2021-10-14,34.6,23.8,28.9,58,0.0,11.0,1006.9
2021-10-15,34.1,21.8,27.6,53,0.0,9.4,1005.0
2021-10-16,34.1,19.3,25.9,53,0.0,9.4,1004.1
2021-10-17,33.1,20.5,27.1,54,0.0,9.7,1004.1
2021-10-18,33.8,20.5,26.3,47,0.0,20.6,1005.1
2021-10-19,33.4,21.4,26.5,51,0.0,15.6,1009.3
2021-10-20,32.7,20.1,25.9,57,0.0,9.2,1012.7
2021-10-21,32.8,20.3,26.5,56,0.0,9.7,1012.9
2021-10-22,31.7,21.9,26.3,57,0.0,10.2,1012.5
2021-10-23,31.3,20.9,26.2,61,0.0,13.0,1012.3
2021-10-24,31.3,22.6,26.5,68,0.1,9.2,1012.6
2021-10-25,30.9,22.6,26.5,65,0.1,8.6,1013.1
2021-10-26,32.1,21.6,26.5,59,0.0,10.0,1012.0
2021-10-27,32.3,21.3,26.1,57,0.0,10.8,1013.3
2021-10-28,32.8,20.3,25.5,46,0.0,14.1,1014.2
2021-10-29,31.8,18.5,24.5,47,0.0,12.6,1015.5
2021-10-30,31.5,18.4,23.9,49,0.0,14.6,1016.1
2021-10-31,32.1,17.2,23.4,49,0.0,10.8,1014.5
2021-11-01,32.0,16.5,23.6,53,0.0,10.6,1012.2
2021-11-02,32.0,17.9,23.8,48,0.0,14.3,1012.3
2021-11-03,31.9,18.5,23.8,50,0.0,13.5,1013.0
2021-11-04,31.9,18.5,23.7,49,0.0,14.0,1012.5
2021-11-05,32.0,18.1,24.1,45,0.0,14.6,1012.1
2021-11-06,30.4,18.5,23.4,43,0.0,16.3,1011.5
2021-11-07,31.5,17.4,23.5,42,0.0,14.3,1011.2
2021-11-08,32.0,19.0,24.7,43,0.0,16.7,1012.7
2021-11-09,32.4,19.4,24.6,41,0.0,15.1,1013.5
2021-11-10,32.1,17.6,23.6,43,0.0,13.7,1013.0
2021-11-11,31.5,16.9,23.2,44,0.0,14.3,1012.1
2021-11-12,31.1,17.3,23.2,42,0.0,17.4,1012.2
2021-11-13,30.9,18.1,23.4,41,0.0,19.3,1012.1
2021-11-14,30.8,17.9,23.2,46,0.0,15.4,1011.0
2021-11-15,30.6,16.9,22.7,50,0.0,14.9,1009.9
2021-11-16,30.7,18.0,23.4,45,0.0,18.2,1010.1
2021-11-17,29.8,19.0,24.2,43,0.0,17.1,1011.1
2021-11-18,28.7,22.1,24.7,61,1.2,16.9,1010.2
2021-11-19,30.1,20.8,24.2,73,2.9,13.7,1008.4
2021-11-20,31.6,21.0,25.6,66,0.0,13.9,1008.2
2021-11-21,32.0,22.1,26.2,65,0.0,16.1,1010.4
2021-11-22,32.0,23.0,26.6,66,0.0,13.7,1012.0
2021-11-23,31.5,19.5,24.7,71,0.0,10.7,1011.4
2021-11-24,30.3,16.7,22.1,64,0.0,9.3,1011.8
2021-11-25,29.9,14.0,21.3,68,0.0,8.3,1012.9
2021-11-26,31.6,16.7,23.1,66,0.0,9.8,1012.9
2021-11-27,32.0,17.2,23.5,59,0.0,11.2,1012.5
2021-11-28,31.8,18.4,23.8,48,0.0,10.9,1013.8
2021-11-29,30.6,17.2,23.0,46,0.0,15.2,1015.2
2021-11-30,30.0,19.3,23.9,44,0.0,17.2,1014.4
2021-12-01,22.7,19.6,20.9,65,0.1,15.8,1014.7
2021-12-02,22.0,16.4,18.9,71,0.0,20.9,1015.0
2021-12-03,25.6,15.6,20.1,63,0.0,18.3,1014.8
2021-12-04,27.7,17.6,22.0,67,0.0,13.9,1013.8
2021-12-05,27.7,19.0,22.9,71,0.1,11.8,1013.5
2021-12-06,28.9,17.9,22.8,69,0.0,9.6,1014.2
2021-12-07,28.6,19.1,22.9,66,0.0,18.2,1015.5
2021-12-08,28.3,17.4,22.1,58,0.0,13.8,1015.6
2021-12-09,28.1,17.5,21.6,54,0.0,14.2,1017.0
2021-12-10,28.4,17.6,21.7,56,0.0,16.0,1018.0
2021-12-11,27.9,16.0,20.6,59,0.0,14.5,1017.1
2021-12-12,28.2,15.7,21.1,60,0.0,13.9,1016.3
2021-12-13,27.8,16.3,21.4,61,0.0,11.7,1015.0
2021-12-14,26.3,14.3,19.5,55,0.0,11.9,1014.9
2021-12-15,27.3,13.9,19.8,60,0.0,12.4,1015.4
2021-12-16,25.5,13.3,18.5,57,0.0,15.0,1016.4
2021-12-17,25.3,12.1,17.8,51,0.0,15.1,1018.0
2021-12-18,24.4,14.1,18.3,48,0.0,18.8,1018.5
2021-12-19,24.0,12.0,17.1,42,0.0,17.2,1018.7
2021-12-20,25.1,11.6,17.1,42,0.0,14.5,1017.7
2021-12-21,26.3,10.7,17.3,53,0.0,11.0,1016.3
2021-12-22,26.2,10.2,17.7,63,0.0,9.0,1014.2
2021-12-23,26.6,10.9,18.5,68,0.0,7.7,1013.2
2021-12-24,27.1,15.1,20.4,77,0.0,11.5,1013.3
2021-12-25,27.2,15.1,20.5,74,0.0,9.0,1014.4
2021-12-26,26.2,14.0,19.8,71,0.0,10.0,1015.7
2021-12-27,27.1,15.1,20.8,66,1.0,20.1,1016.0
2021-12-28,24.5,16.0,19.4,80,7.4,13.6,1015.8
2021-12-29,23.6,13.2,17.6,66,0.0,14.3,1017.6
2021-12-30,23.5,13.1,17.8,56,0.0,21.8,1019.7
2021-12-31,24.9,14.5,19.1,60,0.0,18.8,1019.4
2022-01-01,26.6,15.8,20.2,67,0.0,14.2,1018.5
2022-01-02,27.4,16.0,20.7,74,0.0,12.6,1017.0
2022-01-03,27.9,16.8,21.4,71,0.0,13.7,1016.1
2022-01-04,28.4,17.2,22.1,70,0.0,9.2,1015.2
2022-01-05,28.2,17.8,21.7,74,0.0,20.2,1013.5
2022-01-06,20.1,14.4,17.8,90,9.5,9.1,1014.4
2022-01-07,25.2,13.1,18.7,80,0.2,16.6,1013.0
2022-01-08,22.1,12.2,16.9,74,0.0,12.4,1014.9
2022-01-09,21.1,9.2,14.6,65,0.0,13.4,1015.9
2022-01-10,22.1,9.9,14.9,64,0.0,12.9,1016.6
2022-01-11,21.7,10.9,15.3,58,0.0,14.9,1017.1
2022-01-12,21.3,10.0,14.8,61,0.0,13.9,1016.6
2022-01-13,22.4,10.3,15.0,62,0.0,14.7,1015.6
2022-01-14,23.5,9.9,15.3,62,0.0,15.2,1015.6
2022-01-15,24.0,11.2,16.4,64,0.0,15.3,1016.6
2022-01-16,25.2,12.8,17.9,65,0.0,15.9,1017.1
2022-01-17,26.3,13.2,18.8,68,0.0,13.8,1017.9
2022-01-18,26.7,13.2,19.0,70,0.0,10.5,1017.0
2022-01-19,27.9,13.1,20.0,63,0.0,12.0,1014.6
2022-01-20,28.0,14.5,20.3,63,0.0,15.0,1010.9
2022-01-21,28.7,15.8,21.6,77,0.0,16.0,1009.8
2022-01-22,26.2,15.9,21.4,64,0.8,26.0,1007.4
2022-01-23,21.2,11.0,15.7,54,0.0,12.1,1011.5
2022-01-24,21.9,7.7,14.7,51,0.0,10.2,1013.6
2022-01-25,22.6,9.3,15.4,53,0.0,10.9,1014.3
2022-01-26,22.8,9.6,15.5,56,0.0,13.0,1015.2
2022-01-27,23.5,10.9,16.1,54,0.0,14.4,1016.4
2022-01-28,24.1,11.0,16.3,50,0.0,15.6,1016.7
2022-01-29,26.3,9.5,17.2,53,0.0,13.2,1016.2
2022-01-30,26.8,9.4,17.8,57,0.0,11.0,1013.8
2022-01-31,27.0,11.4,19.0,66,0.0,11.1,1012.4
2022-02-01,29.0,14.5,21.1,71,0.0,11.2,1011.7
2022-02-02,29.4,13.7,21.3,61,0.0,10.7,1010.9
2022-02-03,27.7,16.0,20.6,52,0.0,18.6,1009.3
2022-02-04,26.6,11.1,18.6,45,0.0,11.4,1010.8
2022-02-05,27.4,11.9,19.2,44,0.0,10.2,1012.0
2022-02-06,28.7,11.9,19.8,45,0.0,11.2,1013.8
2022-02-07,28.0,12.8,20.1,56,0.0,10.9,1014.5
2022-02-08,28.1,13.3,20.6,65,0.0,9.9,1012.9
2022-02-09,27.8,16.6,21.5,50,0.0,13.7,1013.6
2022-02-10,27.6,15.5,20.5,50,0.0,15.6,1015.9
2022-02-11,27.1,14.8,19.7,45,0.0,19.2,1015.9
2022-02-12,28.1,13.4,19.8,43,0.0,12.6,1014.2
2022-02-13,29.0,12.4,19.7,45,0.0,12.4,1011.3
2022-02-14,29.6,13.7,21.3,41,0.0,11.3,1010.4
2022-02-15,29.3,15.3,21.8,41,0.0,10.9,1010.7
2022-02-16,30.0,16.1,22.4,43,0.0,11.2,1009.5
2022-02-17,31.0,15.4,22.4,37,0.0,15.5,1008.9
2022-02-18,31.1,16.9,23.7,36,0.0,12.6,1009.8
2022-02-19,32.3,18.9,25.1,30,0.0,14.8,1011.9
2022-02-20,31.3,15.3,23.4,27,0.0,13.9,1011.6
2022-02-21,32.4,17.0,24.1,33,0.0,11.9,1009.6
2022-02-22,33.2,15.8,23.7,45,0.0,13.7,1010.3
2022-02-23,31.4,16.5,23.4,54,0.0,11.2,1012.9
2022-02-24,32.8,16.7,24.5,38,0.0,11.0,1014.3
2022-02-25,33.3,15.8,24.7,30,0.0,12.1,1013.4
2022-02-26,32.0,16.7,23.6,35,0.0,11.0,1013.0
2022-02-27,33.2,16.1,24.2,33,0.0,13.5,1014.0
2022-02-28,32.8,19.8,25.0,38,0.0,19.2,1014.1
2022-03-01,33.5,17.7,25.0,35,0.0,12.1,1014.0
2022-03-02,34.1,18.0,25.8,31,0.0,11.9,1013.4
2022-03-03,33.4,20.1,26.2,26,0.0,17.2,1013.7
2022-03-04,32.4,18.6,24.7,31,0.0,14.1,1014.9
2022-03-05,33.4,19.4,25.4,26,0.0,17.7,1013.3
2022-03-06,34.4,15.7,25.2,27,0.0,12.4,1011.1
2022-03-07,35.2,18.5,27.4,23,0.0,14.5,1011.0
2022-03-08,35.9,21.5,27.4,26,0.0,10.0,1010.6
2022-03-09,35.4,20.7,27.6,39,0.0,11.2,1010.9
2022-03-10,35.5,20.0,27.6,34,0.0,15.3,1011.1
2022-03-11,35.9,20.9,28.0,29,0.0,16.2,1011.5
2022-03-12,36.4,21.0,27.9,27,0.0,12.0,1011.2
2022-03-13,37.1,20.5,29.0,26,0.0,10.2,1011.1
2022-03-14,38.7,21.5,29.7,25,0.0,12.7,1010.9
2022-03-15,39.5,23.0,30.5,22,0.0,15.0,1009.3
2022-03-16,39.6,23.0,30.3,23,0.0,12.6,1008.0
2022-03-17,39.8,23.8,30.8,22,0.0,14.8,1007.4
2022-03-18,39.9,22.9,31.2,22,0.0,12.7,1006.6
2022-03-19,38.9,22.6,30.5,23,0.0,13.0,1005.8
2022-03-20,37.8,21.8,29.1,36,0.0,14.3,1006.1
2022-03-21,38.5,22.6,29.9,23,0.0,16.4,1008.1
2022-03-22,38.3,24.0,30.7,16,0.0,21.1,1008.7
2022-03-23,37.2,23.3,29.9,20,0.0,16.1,1008.4
2022-03-24,37.6,24.8,31.0,22,0.0,14.9,1006.9
2022-03-25,38.4,21.8,29.6,37,0.0,13.9,1007.5
2022-03-26,40.5,23.3,32.0,29,0.0,11.6,1009.2
2022-03-27,40.6,23.4,31.8,24,0.0,13.3,1009.7
2022-03-28,40.3,23.8,31.7,19,0.0,19.6,1009.1
2022-03-29,40.7,22.0,31.5,28,0.0,18.9,1007.5
2022-03-30,39.8,21.5,30.3,33,0.0,11.9,1006.9
2022-03-31,40.2,21.8,30.9,30,0.0,11.2,1007.4
2022-04-01,41.0,23.3,32.1,28,0.0,10.0,1007.3
2022-04-02,40.8,24.2,32.3,30,0.0,10.8,1008.1
2022-04-03,41.4,24.2,32.4,29,0.0,10.5,1008.4
2022-04-04,41.6,24.0,32.4,21,0.0,15.6,1008.5
2022-04-05,41.8,25.3,33.4,21,0.0,11.2,1010.2
2022-04-06,42.0,25.4,33.0,23,0.0,17.6,1010.3
2022-04-07,43.0,24.1,33.2,23,0.0,13.7,1009.0
2022-04-08,43.1,25.0,34.2,20,0.0,16.4,1007.0
2022-04-09,41.1,24.5,33.4,18,0.0,15.0,1006.7
2022-04-10,40.9,24.1,31.8,27,0.0,12.5,1006.5
2022-04-11,40.6,24.9,32.2,31,0.0,16.2,1005.9
2022-04-12,40.3,23.9,32.1,20,0.0,15.5,1005.1
2022-04-13,41.4,22.9,31.6,33,0.0,15.0,1004.8
2022-04-14,41.0,23.4,32.4,28,0.0,15.3,1004.9
2022-04-15,41.5,24.5,32.0,35,0.0,17.4,1004.8
2022-04-16,41.7,23.6,32.2,33,0.0,16.7,1004.2
2022-04-17,41.6,24.1,32.4,35,0.0,15.9,1005.2
2022-04-18,41.4,24.2,32.2,35,0.0,12.7,1007.7
2022-04-19,40.6,24.8,32.3,34,0.0,14.8,1009.8
2022-04-20,40.5,27.0,32.8,36,0.0,25.1,1008.4
2022-04-21,41.1,24.5,32.9,29,1.1,13.2,1006.6
2022-04-22,40.8,25.0,33.0,25,0.0,17.8,1007.3
2022-04-23,41.2,25.0,33.3,21,0.0,15.6,1007.8
2022-04-24,41.6,26.1,33.9,22,0.0,17.9,1007.3
2022-04-25,41.1,26.3,33.6,23,0.0,15.9,1006.2
2022-04-26,41.3,25.6,33.6,24,0.0,12.8,1006.5
2022-04-27,42.5,26.7,34.4,28,0.0,15.7,1005.9
2022-04-28,43.2,27.1,34.8,25,0.0,14.8,1006.0
2022-04-29,42.9,28.4,35.6,21,0.0,22.8,1006.5
2022-04-30,43.9,26.9,34.9,37,0.0,20.4,1003.5
2022-05-01,43.1,26.5,34.3,40,0.0,21.1,1002.5
2022-05-02,41.7,27.3,34.6,34,0.0,21.9,1003.2
2022-05-03,41.8,26.2,33.5,31,0.0,23.8,1004.6
2022-05-04,41.4,25.0,33.4,33,0.0,13.1,1006.2
2022-05-05,40.5,25.9,33.2,43,0.0,13.6,1006.6
2022-05-06,41.3,27.7,34.4,33,0.0,15.5,1005.8
2022-05-07,42.0,28.0,34.6,29,0.0,17.1,1005.7
2022-05-08,42.8,28.8,35.1,31,0.0,17.9,1003.8
2022-05-09,43.5,28.4,35.3,31,0.0,16.6,1002.4
2022-05-10,44.0,28.9,36.1,26,0.0,17.7,1001.9
2022-05-11,45.1,29.9,37.2,25,0.0,16.4,1000.9
2022-05-12,44.7,30.3,36.8,31,0.0,22.1,1000.9
2022-05-13,43.3,27.8,34.4,44,0.0,20.3,1000.5
2022-05-14,43.0,27.6,34.2,45,0.0,21.5,1001.0
2022-05-15,43.3,27.6,34.9,34,0.0,21.3,1002.8
2022-05-16,42.8,26.5,33.8,40,0.0,20.4,1002.7
2022-05-17,41.1,26.1,32.9,44,0.0,19.1,1001.7
2022-05-18,42.0,26.0,33.7,39,0.0,15.0,1002.6
2022-05-19,42.6,27.8,35.0,34,0.0,15.6,1002.8
2022-05-20,42.6,28.3,34.7,42,0.0,18.8,1002.4
2022-05-21,42.0,26.5,33.0,46,0.0,29.1,1001.5
2022-05-22,40.7,27.3,33.1,49,0.0,26.3,999.4
2022-05-23,41.3,28.1,33.6,50,0.0,26.6,998.4
2022-05-24,40.8,28.1,33.3,51,0.0,19.8,1002.6
2022-05-25,40.6,27.8,33.5,48,0.0,17.3,1005.7
2022-05-26,40.8,27.5,33.3,49,0.0,19.2,1004.8
2022-05-27,40.4,27.4,33.0,47,0.1,21.2,1003.8
2022-05-28,40.8,27.5,33.3,49,0.0,21.6,1002.8
2022-05-29,40.1,28.1,33.5,48,0.2,21.9,1003.1
2022-05-30,40.7,27.2,33.2,50,0.0,17.1,1003.2
2022-05-31,41.0,26.6,33.5,49,0.0,17.3,1003.1
2022-06-01,42.5,27.1,33.9,44,0.0,19.4,1003.2
2022-06-02,42.3,26.0,34.2,42,0.0,18.7,1003.3
2022-06-03,41.7,26.1,33.7,44,0.0,17.2,1002.7
2022-06-04,42.0,27.1,33.9,41,0.0,16.6,1002.8
2022-06-05,41.6,26.3,33.9,39,0.0,15.9,1003.0
2022-06-06,41.7,26.6,33.8,42,0.0,16.6,1003.2
2022-06-07,40.8,27.2,34.0,47,0.0,19.4,1003.3
2022-06-08,40.8,28.7,34.3,50,0.0,18.8,1002.9
2022-06-09,40.9,27.5,33.7,52,0.0,17.7,1001.7
2022-06-10,40.6,28.5,33.7,50,0.0,19.8,1001.9
2022-06-11,40.3,29.4,34.1,50,0.0,22.7,1002.0
2022-06-12,37.7,25.9,32.3,58,13.0,21.0,1002.7
2022-06-13,34.0,27.0,30.1,69,7.0,14.1,1004.6
2022-06-14,36.4,27.0,31.2,65,0.3,17.3,1004.2
2022-06-15,36.5,27.9,31.3,64,1.1,18.9,1003.1
2022-06-16,38.0,27.9,32.0,60,0.2,22.1,1002.7
2022-06-17,38.8,28.7,32.8,57,0.0,22.8,1001.9
2022-06-18,36.9,29.0,32.1,60,1.2,24.4,1002.3
2022-06-19,36.2,28.7,31.9,61,0.9,21.0,1002.1
2022-06-20,38.5,28.3,32.4,59,1.1,22.0,1000.4
2022-06-21,38.4,27.8,32.0,62,0.2,25.5,998.4
2022-06-22,38.3,27.3,32.0,59,0.5,27.9,1001.8
2022-06-23,39.6,26.3,32.5,58,0.5,13.8,1003.6
2022-06-24,39.7,28.0,33.5,54,0.0,18.8,1001.6
2022-06-25,41.2,27.7,34.4,49,0.0,16.9,998.7
2022-06-26,41.3,28.4,34.2,55,5.6,21.7,998.4
2022-06-27,37.6,27.7,31.8,64,0.1,18.4,1000.6
2022-06-28,37.8,28.5,32.1,62,1.1,17.9,1001.1
2022-06-29,38.8,28.9,33.4,54,0.0,18.1,999.5
2022-06-30,38.8,29.3,33.1,57,0.4,23.5,999.1
2022-07-01,36.5,25.9,30.2,72,9.7,22.1,1000.0
2022-07-02,32.9,26.0,27.6,87,12.4,17.7,999.1
2022-07-03,33.5,25.7,28.8,81,15.4,21.2,998.9
2022-07-04,33.3,26.2,28.8,81,3.9,16.9,998.8
2022-07-05,32.1,26.1,28.3,83,21.2,13.7,997.5
2022-07-06,31.7,25.1,28.1,83,14.4,16.9,998.8
2022-07-07,32.1,26.3,28.3,82,7.1,20.5,1001.8
2022-07-08,27.1,25.6,26.4,93,90.4,21.5,1000.3
2022-07-09,31.2,25.3,27.2,86,15.5,22.6,999.3
2022-07-10,29.7,24.4,26.3,89,34.5,14.8,1001.1
2022-07-11,29.3,24.2,25.6,91,53.1,18.4,1002.2
2022-07-12,30.0,25.4,27.5,84,5.4,18.4,1001.5
2022-07-13,32.3,25.4,27.8,82,7.9,13.0,998.5
2022-07-14,30.4,25.1,26.8,90,38.9,10.0,995.8
2022-07-15,30.4,25.0,27.0,89,12.3,21.7,995.7
2022-07-16,32.1,25.2,28.1,82,3.2,29.1,996.6
2022-07-17,31.9,26.3,28.7,78,3.2,20.1,1000.7
2022-07-18,31.8,25.6,27.9,81,6.1,15.4,1002.1
2022-07-19,26.8,25.5,25.9,93,63.8,23.7,1002.1
2022-07-20,32.3,25.4,28.2,81,1.3,17.4,1003.2
2022-07-21,31.8,25.3,28.0,80,2.9,16.6,1003.7
2022-07-22,31.5,25.3,27.9,81,1.8,16.5,1004.9
2022-07-23,29.7,24.9,27.0,85,3.0,20.3,1002.5
2022-07-24,27.4,24.0,25.5,94,46.4,17.3,1001.2
2022-07-25,30.9,24.4,27.0,85,7.4,16.4,1003.4
2022-07-26,28.8,25.0,26.4,88,3.5,15.5,1006.0
2022-07-27,30.2,24.4,26.9,86,4.7,14.6,1006.3
2022-07-28,32.2,24.4,28.0,79,0.5,12.3,1007.5
2022-07-29,32.0,25.2,28.4,76,0.6,15.2,1007.0
2022-07-30,30.9,25.2,27.8,78,1.9,14.6,1005.7
2022-07-31,31.2,25.3,27.8,78,2.1,17.6,1003.7
2022-08-01,31.2,25.1,27.8,79,1.7,17.4,1003.8
2022-08-02,31.8,25.2,28.1,82,1.6,13.6,1003.0
2022-08-03,31.6,25.8,28.0,84,11.3,10.5,1002.8
2022-08-04,31.0,25.2,27.4,88,11.2,9.6,1002.1
2022-08-05,30.3,25.0,27.0,89,18.8,9.6,1000.2
2022-08-06,30.6,25.0,27.1,88,5.5,13.7,998.8
2022-08-07,32.3,25.1,28.2,86,2.3,8.8,998.4
2022-08-08,32.3,25.9,28.2,87,4.0,11.2,997.3
2022-08-09,32.1,25.4,28.0,87,8.6,12.6,995.7
2022-08-10,31.8,25.2,27.7,85,4.6,16.9,994.0
2022-08-11,30.1,25.6,27.2,88,17.0,28.5,993.5
2022-08-12,31.1,25.8,27.5,85,9.1,22.2,997.0
2022-08-13,31.3,25.0,27.5,81,3.3,21.3,1000.2
2022-08-14,31.0,24.2,26.8,84,4.4,19.7,1002.6
2022-08-15,29.6,24.6,26.6,87,2.5,10.5,1002.7
2022-08-16,28.4,24.6,25.8,91,10.3,18.7,1000.1
2022-08-17,26.9,24.3,25.5,92,41.0,25.0,1001.0
2022-08-18,30.5,24.5,26.5,86,6.6,21.4,1003.0
2022-08-19,30.9,24.3,26.9,85,2.0,17.3,1004.2
2022-08-20,30.9,24.5,27.3,82,0.9,14.2,1004.5
2022-08-21,31.7,24.5,27.8,80,1.0,14.1,1003.3
2022-08-22,29.1,25.0,26.9,83,0.7,19.8,1001.4
2022-08-23,27.2,24.8,25.8,90,19.0,21.5,1000.2
2022-08-24,28.8,24.3,26.0,86,32.1,22.4,1003.5
2022-08-25,31.0,22.9,26.7,81,1.0,12.3,1005.1
2022-08-26,30.5,24.0,26.9,80,0.3,12.1,1006.0
2022-08-27,29.9,23.1,26.7,83,0.6,13.3,1006.2
2022-08-28,31.0,23.1,26.8,79,0.5,12.7,1006.0
2022-08-29,30.7,24.5,27.4,80,0.7,7.9,1007.7
2022-08-30,31.9,24.7,28.3,82,0.3,5.8,1008.2
2022-08-31,32.4,25.7,28.7,82,8.1,8.1,1006.7
2022-09-01,32.0,26.2,28.6,83,1.1,11.8,1006.4
2022-09-02,32.4,25.6,28.7,83,2.2,7.1,1007.3
2022-09-03,33.2,26.2,29.5,78,0.6,10.9,1006.4
2022-09-04,32.6,25.9,28.8,73,0.4,16.9,1005.7
2022-09-05,31.4,25.8,28.0,75,1.6,14.9,1006.0
2022-09-06,32.1,25.8,28.4,74,0.6,11.0,1006.4
2022-09-07,33.8,25.3,29.4,70,0.2,10.3,1006.6
2022-09-08,35.2,27.0,30.2,71,0.2,12.5,1005.8
2022-09-09,36.0,27.5,31.1,72,0.3,15.9,1004.4
2022-09-10,35.4,26.4,30.7,75,5.9,23.3,1004.1
2022-09-11,33.7,26.6,28.9,83,4.0,11.3,1002.1
2022-09-12,31.5,26.3,28.3,85,17.7,10.2,1000.1
2022-09-13,31.9,25.1,27.1,90,19.5,9.0,1001.1
2022-09-14,30.7,24.7,26.9,89,3.8,14.5,1002.8
2022-09-15,28.6,24.5,26.1,93,20.7,15.6,1003.7
2022-09-16,31.7,24.6,27.3,82,6.6,17.9,1003.1
2022-09-17,31.5,23.5,27.2,79,0.0,13.7,1004.6
2022-09-18,31.5,23.8,27.5,78,0.2,9.7,1007.3
2022-09-19,31.5,24.1,27.7,75,0.1,10.3,1007.3
2022-09-20,31.5,24.7,27.9,74,0.0,14.3,1007.0
2022-09-21,31.9,23.9,27.4,73,0.0,15.0,1006.9
2022-09-22,32.1,24.0,27.5,70,0.0,19.1,1006.5
2022-09-23,31.8,24.0,27.4,70,0.1,20.2,1006.4
2022-09-24,32.1,23.7,27.5,70,0.0,17.0,1006.2
2022-09-25,31.8,23.1,27.2,71,0.0,12.3,1006.8
2022-09-26,32.4,23.1,27.6,74,0.2,9.3,1009.1
2022-09-27,33.0,24.4,28.1,70,0.0,12.1,1008.0
2022-09-28,32.9,24.3,28.5,69,1.2,10.3,1007.0
2022-09-29,34.1,24.2,28.6,68,0.3,10.5,1007.0
2022-09-30,34.5,24.9,29.3,62,0.1,13.0,1007.6
2022-10-01,34.0,25.6,29.2,56,0.0,13.4,1007.5
2022-10-02,33.0,24.0,28.5,62,0.0,10.1,1007.9
2022-10-03,33.2,24.7,28.6,62,0.0,11.6,1008.7
2022-10-04,35.2,25.3,29.6,53,0.0,13.3,1008.8
2022-10-05,36.3,25.7,30.3,46,0.0,16.1,1007.2
2022-10-06,34.9,27.7,30.4,52,0.2,17.9,1005.6
2022-10-07,28.9,22.4,25.4,83,18.5,24.0,1005.9
2022-10-08,29.6,22.8,25.0,89,42.8,13.7,1005.9
2022-10-09,31.1,23.7,27.1,85,0.8,10.5,1007.5
2022-10-10,32.1,24.7,27.9,83,1.9,10.5,1009.2
2022-10-11,33.6,24.5,28.2,76,0.0,9.2,1008.6
2022-10-12,33.5,24.0,28.0,68,0.0,9.1,1009.6
2022-10-13,34.0,21.7,26.8,58,0.0,10.8,1011.0
2022-10-14,33.7,22.5,27.1,52,0.0,14.5,1011.2
2022-10-15,33.7,21.4,26.8,54,0.0,11.3,1010.4
2022-10-16,33.7,21.5,26.8,51,0.0,15.7,1011.8
2022-10-17,34.1,21.2,26.6,46,0.0,15.5,1012.4
2022-10-18,34.7,20.7,26.8,46,0.0,11.2,1011.0
2022-10-19,34.8,20.9,27.2,44,0.0,11.4,1010.5
2022-10-20,34.1,20.4,27.6,50,0.0,13.2,1011.3
2022-10-21,34.8,23.0,28.0,40,0.0,16.9,1013.8
2022-10-22,34.2,22.6,27.3,33,0.0,17.1,1015.5
2022-10-23,34.2,19.7,26.1,41,0.0,9.4,1014.6
2022-10-24,33.9,19.7,26.4,42,0.0,11.5,1011.4
2022-10-25,33.7,19.5,26.3,42,0.0,12.6,1010.7
2022-10-26,33.0,18.9,25.8,49,0.0,10.9,1013.2
2022-10-27,33.5,19.4,26.6,49,0.0,9.8,1013.0
2022-10-28,34.3,20.7,26.9,45,0.0,11.2,1012.6
2022-10-29,34.1,21.9,26.9,44,0.0,11.3,1012.6
2022-10-30,33.9,20.9,26.2,44,0.0,10.9,1013.2
2022-10-31,33.1,19.1,25.5,42,0.0,14.7,1013.3
2022-11-01,32.8,19.0,25.1,50,0.0,13.0,1014.0
2022-11-02,34.0,19.2,25.9,51,0.0,9.5,1013.5
2022-11-03,34.3,19.5,26.2,49,0.0,10.5,1012.5
2022-11-04,34.6,19.3,26.7,48,0.0,11.8,1013.2
2022-11-05,35.0,18.7,26.8,48,0.0,10.1,1014.2
2022-11-06,34.9,19.7,27.4,44,0.0,9.6,1014.2
2022-11-07,34.2,20.2,26.8,47,0.0,9.7,1013.5
2022-11-08,33.9,20.8,26.5,48,0.0,10.5,1013.2
2022-11-09,33.4,19.2,26.0,47,0.0,9.7,1013.8
2022-11-10,33.1,19.9,25.9,46,0.0,10.2,1014.9
2022-11-11,33.2,20.7,26.1,45,0.0,13.2,1015.5
2022-11-12,32.3,21.1,26.0,44,0.0,15.8,1015.7
2022-11-13,32.0,19.2,24.6,44,0.0,13.0,1014.2
2022-11-14,31.8,18.1,24.1,47,0.0,9.9,1013.8
2022-11-15,32.2,18.4,24.4,52,0.0,10.9,1014.1
2022-11-16,32.4,19.2,24.9,48,0.0,11.7,1013.7
2022-11-17,31.2,19.0,24.3,39,0.0,12.4,1014.4
2022-11-18,30.9,17.3,23.1,38,0.0,14.1,1014.7
2022-11-19,30.4,16.0,22.6,41,0.0,12.2,1014.7
2022-11-20,30.8,16.3,23.1,45,0.0,12.4,1013.5
2022-11-21,30.3,17.9,23.0,45,0.0,14.8,1013.3
2022-11-22,30.9,15.4,22.9,44,0.0,10.8,1013.4
2022-11-23,30.8,16.1,22.6,42,0.0,12.5,1013.6
2022-11-24,30.5,16.4,22.8,45,0.0,14.0,1013.4
2022-11-25,30.0,15.9,21.7,42,0.0,14.8,1014.2
2022-11-26,30.5,16.5,22.3,40,0.0,13.5,1012.7
2022-11-27,30.3,14.5,21.7,45,0.0,10.4,1010.1
2022-11-28,30.6,14.6,21.8,46,0.0,10.2,1010.7
2022-11-29,31.0,16.0,22.6,46,0.0,11.9,1012.3
2022-11-30,30.9,18.3,23.2,42,0.0,15.7,1013.7
2022-12-01,30.0,17.7,22.5,46,0.0,17.0,1013.4
2022-12-02,29.5,15.9,21.7,48,0.0,10.9,1012.2
2022-12-03,30.0,16.1,22.0,48,0.0,9.7,1012.7
2022-12-04,30.5,15.0,21.9,45,0.0,11.4,1013.5
2022-12-05,30.1,14.4,21.9,48,0.0,11.7,1014.5
2022-12-06,30.8,17.9,23.5,49,0.0,13.8,1014.2
2022-12-07,30.3,17.9,23.0,51,0.0,14.3,1014.1
2022-12-08,29.6,16.8,21.9,41,0.0,14.4,1014.1
2022-12-09,29.2,15.4,21.1,39,0.0,14.2,1012.4
2022-12-10,29.9,16.0,21.7,43,0.0,15.7,1011.8
2022-12-11,30.9,16.9,22.9,47,0.0,15.3,1012.2
2022-12-12,32.3,19.4,25.2,51,0.0,11.6,1011.4
2022-12-13,32.0,22.1,26.3,50,0.0,17.2,1012.8
2022-12-14,30.6,20.7,25.4,49,0.6,18.9,1013.8
2022-12-15,31.6,21.1,25.6,50,0.0,13.4,1012.9
2022-12-16,32.4,19.9,25.9,44,0.0,10.8,1011.9
2022-12-17,32.8,20.3,26.2,40,0.0,11.2,1013.0
2022-12-18,32.7,20.4,25.5,37,0.0,13.2,1013.1
2022-12-19,32.4,18.8,24.6,43,0.0,10.2,1012.0
2022-12-20,31.8,17.7,24.0,42,0.0,11.4,1011.4
2022-12-21,31.1,15.6,23.0,29,0.0,10.1,1011.9
2022-12-22,30.2,15.4,22.1,32,0.0,10.4,1011.8
2022-12-23,27.4,14.8,20.2,34,0.0,15.1,1012.1
2022-12-24,26.2,11.4,18.9,44,0.0,10.9,1013.9
2022-12-25,26.8,14.7,19.6,45,0.0,16.4,1014.1
2022-12-26,27.8,14.0,19.6,44,0.0,14.0,1015.2
2022-12-27,28.3,14.4,20.1,46,0.0,13.8,1016.3
2022-12-28,29.2,14.5,20.5,46,0.0,14.2,1016.9
2022-12-29,30.2,14.7,21.5,44,0.0,10.8,1017.2
2022-12-30,29.5,17.2,22.2,44,0.0,11.8,1018.3
2022-12-31,27.2,14.7,20.4,47,0.0,12.2,1018.7
2023-01-01,27.3,13.6,19.5,43,0.0,11.6,1018.3
2023-01-02,27.5,12.8,19.2,49,0.0,13.2,1018.1
2023-01-03,27.2,14.2,19.5,47,0.0,14.7,1018.5
2023-01-04,24.9,12.9,18.3,41,0.0,20.8,1019.3
2023-01-05,25.6,11.7,18.2,42,0.0,21.7,1019.0
2023-01-06,28.3,14.9,21.4,43,0.0,19.7,1019.1
2023-01-07,29.7,17.5,23.1,46,0.0,15.2,1018.5
2023-01-08,29.7,16.8,22.5,54,0.0,14.2,1017.2
2023-01-09,29.7,15.8,22.1,56,0.0,11.7,1018.2
2023-01-10,29.7,16.0,22.1,52,0.0,10.4,1017.5
2023-01-11,29.8,14.3,21.9,46,0.0,12.7,1014.4
2023-01-12,28.7,17.8,22.4,55,0.0,18.4,1012.3
2023-01-13,25.9,12.8,18.8,40,0.0,11.1,1014.0
2023-01-14,25.2,11.3,17.7,44,0.0,11.3,1016.2
2023-01-15,24.8,11.0,16.8,34,0.0,13.9,1015.0
2023-01-16,25.6,9.0,16.4,35,0.0,13.4,1014.6
2023-01-17,27.0,11.7,18.0,31,0.0,14.8,1015.1
2023-01-18,27.6,12.6,18.6,34,0.0,17.0,1016.0
2023-01-19,29.0,13.6,19.9,39,0.0,15.9,1014.9
2023-01-20,28.7,12.0,19.9,41,0.0,11.0,1013.9
2023-01-21,27.4,11.7,19.5,36,0.0,13.0,1014.8
2023-01-22,25.1,10.5,17.7,40,0.0,11.4,1014.5
2023-01-23,25.6,10.8,17.7,47,0.0,8.7,1013.6
2023-01-24,25.8,11.1,18.3,48,0.0,11.8,1013.6
2023-01-25,25.9,11.6,18.4,38,0.0,15.7,1015.2
2023-01-26,27.4,11.9,19.2,33,0.0,14.4,1016.0
2023-01-27,28.5,14.7,20.7,45,0.0,17.7,1015.5
2023-01-28,28.7,17.4,22.6,53,0.2,20.1,1012.2
2023-01-29,27.4,17.3,21.0,74,0.6,19.3,1010.0
2023-01-30,27.1,14.9,19.9,71,0.0,12.2,1014.9
2023-01-31,27.7,15.0,20.2,54,0.0,18.1,1017.1
2023-02-01,27.0,14.3,19.5,50,0.0,18.5,1017.0
2023-02-02,28.6,13.3,19.4,41,0.0,17.5,1016.0
2023-02-03,29.3,13.4,20.3,45,0.0,15.9,1015.4
2023-02-04,30.5,12.2,20.6,45,0.0,11.5,1013.8
2023-02-05,31.2,13.3,21.4,48,0.0,10.5,1012.2
2023-02-06,29.2,15.0,21.7,57,0.0,12.0,1012.3
2023-02-07,30.5,15.8,22.3,59,0.0,12.5,1012.6
2023-02-08,31.6,14.0,21.8,40,0.0,11.4,1013.3
2023-02-09,32.4,14.2,23.3,40,0.0,10.3,1012.5
2023-02-10,31.8,14.0,22.7,45,0.0,10.9,1013.1
2023-02-11,29.2,15.8,21.9,60,0.0,12.2,1014.8
2023-02-12,32.4,16.7,23.8,44,0.0,16.2,1017.1
2023-02-13,31.0,15.0,22.3,27,0.0,12.8,1017.3
2023-02-14,32.5,13.9,22.4,34,0.0,9.9,1015.7
2023-02-15,35.1,15.5,24.4,34,0.0,9.8,1013.7
2023-02-16,36.5,15.9,25.1,37,0.0,12.5,1013.8
2023-02-17,36.4,16.8,26.1,33,0.0,10.3,1014.1
2023-02-18,36.1,17.8,26.1,35,0.0,11.0,1013.6
2023-02-19,36.1,17.5,26.1,38,0.0,11.3,1013.0
2023-02-20,35.9,17.7,26.3,34,0.0,13.6,1012.1
2023-02-21,33.8,15.9,24.4,40,0.0,12.6,1012.8
2023-02-22,33.3,17.5,24.7,49,0.0,11.6,1012.6
2023-02-23,33.2,17.6,24.5,44,0.0,11.5,1012.8
2023-02-24,34.1,15.6,24.7,35,0.0,9.7,1013.8
2023-02-25,34.1,16.3,25.2,34,0.0,10.1,1015.3
2023-02-26,34.5,17.3,25.8,33,0.0,9.8,1016.3
2023-02-27,35.7,19.2,26.8,30,0.0,10.3,1015.3
2023-02-28,35.4,19.7,27.0,28,0.0,11.1,1014.7
2023-03-01,36.0,20.3,27.7,28,0.0,11.9,1015.4
2023-03-02,36.8,20.3,27.9,27,0.0,11.9,1016.1
2023-03-03,38.2,20.5,28.8,26,0.0,12.0,1016.3
2023-03-04,38.3,21.6,29.9,22,0.0,12.5,1015.8
2023-03-05,36.9,24.5,29.9,28,0.0,18.0,1016.3
2023-03-06,35.9,22.0,27.4,35,1.3,21.4,1014.9
2023-03-07,34.7,20.2,26.9,39,0.0,15.3,1014.2
2023-03-08,35.8,20.1,27.8,27,0.0,15.5,1014.6
2023-03-09,34.9,20.7,27.0,32,0.0,14.7,1015.1
2023-03-10,35.2,21.3,27.7,25,0.0,14.2,1014.5
2023-03-11,35.8,20.4,27.6,23,0.0,14.2,1013.6
2023-03-12,36.4,20.8,28.3,24,0.0,13.3,1012.7
2023-03-13,37.4,22.5,29.8,24,0.0,10.7,1011.3
2023-03-14,37.2,20.7,29.5,25,0.0,11.2,1009.5
2023-03-15,34.0,22.3,27.5,31,0.0,20.7,1008.7
2023-03-16,34.7,20.7,27.9,37,0.0,12.2,1009.2
2023-03-17,31.9,22.7,26.9,48,2.1,17.0,1009.9
2023-03-18,34.1,21.4,26.1,56,2.1,9.8,1008.8
2023-03-19,33.1,19.0,25.6,53,0.1,15.2,1007.8
2023-03-20,32.2,19.4,25.8,46,0.0,16.2,1006.9
2023-03-21,33.5,20.4,26.6,46,0.1,22.7,1007.9
2023-03-22,32.5,20.9,26.7,48,0.0,10.5,1009.0
2023-03-23,34.0,23.1,27.7,49,0.8,22.2,1009.0
2023-03-24,32.7,22.6,27.1,49,0.0,22.7,1009.1
2023-03-25,32.4,20.9,26.1,44,0.0,13.2,1011.1
2023-03-26,33.7,20.6,26.8,35,0.0,12.8,1010.7
2023-03-27,35.2,19.6,27.8,26,0.0,11.4,1009.8
2023-03-28,36.1,20.4,28.1,25,0.0,15.3,1009.2
2023-03-29,36.3,21.5,29.1,30,0.0,14.2,1009.2
2023-03-30,31.6,22.0,26.2,57,15.3,18.5,1008.7
2023-03-31,32.4,20.3,26.1,53,0.0,14.4,1008.1
2023-04-01,35.1,21.7,28.2,45,0.0,12.8,1008.8
2023-04-02,35.1,22.4,28.2,38,0.0,12.2,1008.9
2023-04-03,36.6,21.8,29.1,40,0.0,18.4,1008.2
2023-04-04,35.1,23.2,29.0,42,0.0,13.9,1009.4
2023-04-05,36.4,23.8,29.7,36,0.0,13.1,1009.1
2023-04-06,37.5,22.8,29.7,27,0.0,14.3,1010.2
2023-04-07,37.2,24.2,30.2,22,0.0,21.3,1011.8
2023-04-08,36.9,23.1,30.5,27,0.0,12.0,1012.4
2023-04-09,39.2,25.0,32.1,23,0.0,12.9,1012.3
2023-04-10,40.0,25.6,32.5,23,0.0,12.5,1010.8
2023-04-11,40.0,25.9,33.1,25,0.0,15.0,1010.7
2023-04-12,38.8,26.2,32.1,27,0.0,15.5,1011.0
2023-04-13,39.4,25.8,32.0,30,0.0,14.6,1010.5
2023-04-14,39.6,26.3,32.2,28,0.0,15.4,1009.6
2023-04-15,39.6,24.9,31.8,31,0.0,14.2,1008.9
2023-04-16,39.4,25.0,31.7,33,0.0,12.3,1007.9
2023-04-17,40.4,25.5,32.6,32,0.0,14.9,1008.2
2023-04-18,40.2,26.4,32.9,27,0.0,14.1,1009.7
2023-04-19,40.1,26.9,33.6,25,0.0,19.5,1007.3
2023-04-20,37.8,26.4,31.8,28,0.0,19.0,1004.6
2023-04-21,38.3,25.6,31.5,36,0.0,14.5,1004.8
2023-04-22,38.7,26.2,31.9,30,0.0,18.7,1004.9
2023-04-23,39.9,25.1,32.1,27,0.0,21.9,1005.3
2023-04-24,39.1,22.9,31.6,15,0.0,20.9,1007.1
2023-04-25,39.9,23.3,32.1,16,0.0,17.3,1006.8
2023-04-26,39.3,27.1,32.3,26,0.0,23.9,1005.7
2023-04-27,37.8,24.8,31.5,39,0.0,15.1,1006.7
2023-04-28,38.2,26.8,32.1,34,0.0,17.7,1007.6
2023-04-29,34.2,23.0,28.6,53,1.2,16.3,1007.8
2023-04-30,33.0,20.2,26.7,61,8.6,19.5,1006.7
2023-05-01,34.0,22.6,27.8,55,0.2,19.0,1005.7
2023-05-02,34.7,23.8,28.7,56,0.1,9.7,1006.7
2023-05-03,35.0,24.1,29.8,50,0.2,14.8,1008.0
2023-05-04,38.0,25.8,32.2,40,0.0,16.9,1007.1
2023-05-05,39.3,26.4,32.5,42,0.4,18.8,1006.3
2023-05-06,37.2,28.5,32.7,41,0.7,15.8,1006.4
2023-05-07,40.0,28.1,33.9,38,0.0,16.1,1006.0
2023-05-08,40.5,28.0,33.8,33,0.0,15.5,1005.5
2023-05-09,42.4,27.0,34.4,31,0.0,14.1,1006.3
2023-05-10,43.3,26.2,34.9,20,0.0,16.9,1006.0
2023-05-11,43.4,27.1,35.3,17,0.0,19.5,1006.2
2023-05-12,43.5,27.9,35.8,21,0.0,17.1,1005.9
2023-05-13,43.9,28.5,35.9,25,0.0,17.3,1005.5
2023-05-14,42.9,28.4,35.3,36,0.0,21.2,1004.2
2023-05-15,41.5,27.4,33.9,49,0.0,20.1,1005.2
2023-05-16,41.4,27.8,33.6,49,0.0,19.9,1006.9
2023-05-17,41.2,27.0,33.9,44,0.0,19.5,1007.8
2023-05-18,41.0,26.7,33.8,45,0.0,23.0,1009.5
2023-05-19,42.1,28.3,34.8,42,0.0,14.0,1007.9
2023-05-20,42.0,28.9,34.9,41,0.0,16.3,1006.7
2023-05-21,41.5,28.2,34.7,42,0.0,17.3,1007.5
2023-05-22,41.7,27.2,34.0,46,0.0,16.3,1008.4
2023-05-23,41.1,27.5,33.8,48,0.0,19.3,1008.4
2023-05-24,41.9,27.7,34.2,46,0.0,27.7,1006.7
2023-05-25,41.7,28.1,34.2,41,0.0,29.6,1006.6
2023-05-26,41.1,27.8,33.6,47,0.0,27.0,1006.9
2023-05-27,42.2,28.5,34.4,45,0.0,27.7,1005.8
2023-05-28,38.6,28.3,33.0,51,0.4,20.8,1006.3
2023-05-29,35.7,24.4,29.4,65,0.2,22.8,1007.7
2023-05-30,36.3,25.0,29.9,65,6.8,23.2,1008.3
2023-05-31,38.7,25.6,32.2,45,0.0,24.5,1007.2
2023-06-01,40.4,25.9,33.1,50,0.0,22.7,1006.3
2023-06-02,40.0,28.1,33.5,54,0.2,19.7,1006.0
2023-06-03,39.0,28.6,33.0,56,3.2,19.9,1005.7
2023-06-04,39.8,28.1,32.8,58,0.2,16.4,1005.9
2023-06-05,40.3,28.8,33.6,55,0.0,15.6,1004.8
2023-06-06,40.9,28.2,33.7,53,0.0,17.0,1004.5
2023-06-07,41.9,28.7,34.2,52,0.0,21.3,1004.0
2023-06-08,41.2,30.1,34.8,49,0.0,18.9,1004.9
2023-06-09,41.5,28.5,34.8,47,0.0,22.8,1002.9
2023-06-10,41.9,30.2,34.6,49,0.0,22.8,1001.6
2023-06-11,39.4,29.1,33.6,53,0.0,24.9,1001.5
2023-06-12,40.0,28.9,32.7,57,0.7,35.1,1001.3
2023-06-13,37.1,28.5,31.8,64,1.1,29.9,1001.5
2023-06-14,37.6,27.0,31.7,63,0.6,31.4,1002.7
2023-06-15,34.7,26.2,29.4,73,6.7,35.0,1002.6
2023-06-16,36.4,27.0,29.4,73,28.8,43.3,999.2
2023-06-17,31.7,25.9,28.8,75,12.8,34.3,1000.5
2023-06-18,33.7,26.5,29.8,71,0.4,28.9,1002.8
2023-06-19,34.9,26.5,30.2,69,0.6,20.4,1003.0
2023-06-20,36.0,26.5,30.8,66,0.0,17.1,1002.6
2023-06-21,36.4,27.3,31.4,63,0.1,14.0,1003.0
2023-06-22,36.5,27.2,31.6,63,0.0,14.2,1003.3
2023-06-23,36.8,27.9,31.7,64,0.0,14.2,1002.9
2023-06-24,36.2,28.0,31.5,64,0.6,17.3,1001.7
2023-06-25,35.0,26.4,29.6,77,20.0,15.3,1001.3
2023-06-26,30.5,26.0,27.8,85,7.5,14.0,1002.4
2023-06-27,31.7,25.7,27.4,88,17.4,15.5,1002.4
2023-06-28,33.5,26.1,28.0,87,15.4,13.5,1002.9
2023-06-29,30.3,25.3,27.0,90,27.7,17.6,1002.4
2023-06-30,27.2,24.3,25.8,95,47.9,16.0,1001.8
2023-07-01,29.3,24.3,26.3,92,22.3,14.8,1003.0
2023-07-02,33.4,25.4,28.5,85,2.9,11.2,1003.2
2023-07-03,33.6,26.2,29.8,80,0.5,10.4,1002.2
2023-07-04,33.9,26.8,30.1,80,1.5,12.9,1000.0
2023-07-05,33.2,26.9,29.5,81,3.6,14.5,998.6
2023-07-06,31.5,25.9,27.9,88,22.4,11.8,1000.0
2023-07-07,32.5,26.0,27.8,89,14.3,10.0,1000.3
2023-07-08,31.8,26.0,27.6,90,22.6,14.6,1000.3
2023-07-09,30.2,25.4,27.1,91,16.3,17.9,1001.4
2023-07-10,31.8,25.0,26.7,92,87.5,17.3,1002.7
2023-07-11,32.6,26.0,28.6,84,5.0,17.0,1003.5
2023-07-12,32.6,26.3,28.8,84,10.2,15.5,1002.8
2023-07-13,32.8,26.0,29.1,82,0.5,14.3,1002.6
2023-07-14,33.1,26.6,29.3,78,0.9,17.3,1003.6
2023-07-15,30.6,25.8,27.9,84,8.7,14.8,1004.0
2023-07-16,32.9,26.2,29.1,77,0.6,12.3,1003.2
2023-07-17,33.1,26.4,29.4,78,1.5,13.0,1002.0
2023-07-18,31.6,26.4,28.4,87,9.6,15.1,1000.8
2023-07-19,31.6,26.1,27.7,91,22.2,10.7,999.0
2023-07-20,32.2,25.6,28.1,88,31.7,14.5,998.7
2023-07-21,32.6,26.3,28.8,86,8.1,11.2,1000.9
2023-07-22,31.3,25.4,27.5,89,49.2,11.2,1001.5
2023-07-23,30.9,25.6,27.8,88,15.6,16.5,999.7
2023-07-24,31.3,25.7,27.7,86,8.8,16.3,1000.1
2023-07-25,32.3,25.4,27.9,86,15.4,13.8,1002.6
2023-07-26,32.3,25.4,28.3,85,5.0,11.5,1004.0
2023-07-27,32.6,25.6,28.5,83,11.4,15.1,1003.9
2023-07-28,31.1,25.9,28.0,83,1.9,21.2,1003.6
2023-07-29,30.8,25.8,27.5,83,7.1,21.4,1003.7
2023-07-30,31.3,25.0,27.5,84,7.7,19.0,1003.0
2023-07-31,30.5,25.2,27.2,86,6.5,18.9,1002.7
2023-08-01,31.5,25.1,27.7,84,2.8,20.8,1002.4
2023-08-02,32.1,25.2,28.3,81,2.2,23.6,1002.7
2023-08-03,31.1,26.0,28.0,81,1.4,23.0,1002.3
2023-08-04,31.6,25.3,28.0,84,2.6,19.4,1003.4
2023-08-05,31.7,25.6,28.6,81,3.4,17.8,1005.4
2023-08-06,32.1,25.6,28.5,79,1.3,22.6,1004.6
2023-08-07,31.9,25.4,28.2,76,0.5,26.5,1002.7
2023-08-08,32.0,26.0,28.4,76,0.6,24.1,1003.4
2023-08-09,30.6,25.0,28.0,78,1.7,22.5,1006.1
2023-08-10,31.6,25.4,27.8,81,3.1,17.6,1007.0
2023-08-11,31.2,24.7,27.8,80,2.7,15.4,1007.0
2023-08-12,31.5,24.9,27.7,79,2.2,17.4,1006.2
2023-08-13,32.0,25.4,28.3,76,0.6,23.4,1004.0
2023-08-14,32.5,25.4,28.7,75,0.8,17.6,1004.5
2023-08-15,32.2,25.5,28.7,76,0.8,14.8,1005.7
2023-08-16,33.0,25.2,28.6,74,0.4,14.2,1006.8
2023-08-17,32.7,24.8,28.3,73,0.4,18.3,1006.9
2023-08-18,32.8,24.4,28.2,71,0.1,15.1,1005.8
2023-08-19,33.6,24.7,28.6,72,0.0,15.6,1004.8
2023-08-20,31.4,25.6,27.8,78,1.4,19.3,1004.5
2023-08-21,30.1,24.8,27.2,83,2.1,14.2,1005.0
2023-08-22,33.4,25.6,28.8,75,0.8,19.1,1004.6
2023-08-23,33.1,25.6,28.8,72,1.0,20.8,1004.0
2023-08-24,33.2,25.5,28.8,72,0.8,22.4,1002.5
2023-08-25,33.7,24.8,29.1,71,0.4,19.2,1002.7
2023-08-26,33.3,24.9,28.3,75,0.4,16.4,1004.5
2023-08-27,33.3,24.2,28.4,72,1.7,18.3,1005.7
2023-08-28,33.9,24.6,28.8,68,0.6,19.2,1005.2
2023-08-29,34.4,24.3,29.1,68,0.2,15.2,1006.1
2023-08-30,33.8,25.5,29.2,68,0.3,9.7,1007.6
2023-08-31,33.9,25.1,29.4,69,0.2,10.2,1007.8
2023-09-01,34.9,25.4,29.8,65,0.0,10.7,1007.7
2023-09-02,34.9,26.2,30.2,63,0.0,11.9,1007.2
2023-09-03,34.4,26.5,30.1,62,0.2,12.9,1006.0
2023-09-04,34.4,26.1,30.0,57,0.0,12.7,1005.0
2023-09-05,35.6,25.9,30.4,58,0.0,14.5,1004.6
2023-09-06,36.0,27.3,31.4,58,0.7,21.8,1003.7
2023-09-07,36.0,25.0,30.2,71,7.6,17.8,1003.1
2023-09-08,36.4,25.9,29.7,75,4.8,16.6,1003.0
2023-09-09,37.2,27.3,30.6,68,0.0,19.8,1002.8
2023-09-10,35.7,26.1,30.1,66,0.0,19.5,1002.7
2023-09-11,35.8,25.7,30.2,65,0.2,22.1,1003.8
2023-09-12,35.0,25.4,29.6,68,0.1,18.8,1004.7
2023-09-13,34.1,26.3,29.9,66,0.0,14.8,1004.3
2023-09-14,34.6,26.9,30.3,65,0.0,13.4,1004.7
2023-09-15,31.8,27.1,29.2,71,6.3,15.6,1004.8
2023-09-16,33.0,25.5,28.8,74,12.6,23.3,1003.0
2023-09-17,28.4,24.8,26.1,91,47.6,30.4,1000.5
2023-09-18,26.7,24.5,25.5,95,59.8,25.5,1000.8
2023-09-19,28.7,24.3,25.9,91,74.2,23.2,1003.1
2023-09-20,30.5,24.9,27.4,88,4.2,17.3,1005.1
2023-09-21,32.4,25.1,28.4,82,0.2,12.4,1006.1
2023-09-22,32.2,25.3,28.5,83,0.8,10.5,1006.8
2023-09-23,31.9,25.7,28.0,86,3.3,11.8,1007.3
2023-09-24,30.5,24.8,27.3,87,12.9,12.4,1007.4
2023-09-25,30.9,24.2,27.3,87,7.6,9.7,1006.9
2023-09-26,32.1,24.7,27.9,85,1.4,7.7,1007.2
2023-09-27,32.0,25.5,27.8,88,5.0,17.9,1007.1
2023-09-28,32.8,25.2,27.9,87,6.3,11.9,1006.5
2023-09-29,34.3,24.7,28.8,77,0.0,8.6,1006.0
2023-09-30,35.1,22.9,29.1,67,0.0,13.9,1006.0
2023-10-01,35.3,23.0,28.5,64,0.0,9.4,1005.4
2023-10-02,33.3,22.6,27.4,70,0.0,10.3,1007.0
2023-10-03,33.5,22.2,27.4,65,0.0,12.0,1008.9
2023-10-04,33.0,21.6,26.9,66,0.0,12.3,1009.9
2023-10-05,32.9,20.9,27.0,62,0.0,11.8,1009.7
2023-10-06,32.9,20.5,26.4,70,0.0,13.8,1008.9
2023-10-07,32.5,22.5,27.2,75,0.0,9.2,1009.5
2023-10-08,33.3,23.2,27.7,73,0.0,9.3,1010.6
2023-10-09,33.8,23.0,28.0,67,0.0,10.5,1011.5
2023-10-10,32.4,22.7,27.2,73,0.0,9.7,1011.7
2023-10-11,33.8,23.1,27.8,70,0.0,8.5,1011.7
2023-10-12,34.7,23.1,28.8,61,0.0,8.4,1012.1
2023-10-13,35.4,22.8,28.9,54,0.0,9.2,1012.5
2023-10-14,34.8,24.2,29.3,55,0.4,12.2,1012.1
2023-10-15,33.7,26.2,29.4,59,0.0,12.8,1010.9
2023-10-16,34.1,22.9,28.5,55,0.0,10.2,1010.9
2023-10-17,33.6,22.4,27.3,57,0.0,10.1,1012.6
2023-10-18,33.4,21.1,27.2,60,0.0,11.4,1013.8
2023-10-19,33.9,22.7,28.3,53,0.0,9.7,1013.3
2023-10-20,34.8,22.7,28.0,51,0.0,12.1,1013.1
2023-10-21,34.5,21.8,27.3,51,0.0,10.6,1013.6
2023-10-22,34.3,21.0,26.8,47,0.0,11.0,1014.0
2023-10-23,33.9,21.9,27.5,48,0.0,12.1,1012.9
2023-10-24,34.1,21.5,26.8,48,0.0,12.0,1012.5
2023-10-25,33.4,20.4,26.2,46,0.0,11.7,1014.0
2023-10-26,33.9,20.5,26.2,47,0.0,13.5,1014.0
2023-10-27,33.8,18.7,25.2,51,0.0,10.1,1012.7
2023-10-28,32.5,20.2,25.4,51,0.0,10.4,1012.6
2023-10-29,33.9,20.8,26.0,48,0.0,12.2,1012.4
2023-10-30,33.9,21.2,26.0,47,0.0,12.8,1012.2
2023-10-31,33.8,20.4,26.3,47,0.0,14.0,1012.9
2023-11-01,33.7,20.2,25.8,49,0.0,11.5,1013.7
2023-11-02,33.5,21.1,26.1,47,0.0,11.7,1013.2
2023-11-03,33.6,21.0,26.4,47,0.0,11.5,1011.4
2023-11-04,33.2,19.8,25.7,50,0.0,12.1,1011.1
2023-11-05,34.2,20.4,26.4,45,0.0,11.9,1012.4
2023-11-06,33.2,19.0,25.3,48,0.0,11.9,1013.7
2023-11-07,34.0,19.3,25.8,47,0.0,11.0,1013.6
2023-11-08,34.1,19.9,26.6,44,0.0,10.8,1012.8
2023-11-09,34.1,19.2,25.6,50,0.0,9.7,1012.8
2023-11-10,33.9,19.0,26.4,49,0.0,11.9,1014.0
2023-11-11,32.7,20.7,25.2,44,0.0,11.9,1016.3
2023-11-12,31.8,18.5,23.8,41,0.0,13.2,1016.7
2023-11-13,31.1,18.0,23.1,46,0.0,13.3,1015.4
2023-11-14,31.4,18.8,23.9,46,0.0,12.0,1014.8
2023-11-15,31.3,19.2,23.9,48,0.0,16.3,1014.8
2023-11-16,31.3,19.4,23.9,48,0.0,16.1,1015.0
2023-11-17,30.8,18.6,23.7,51,0.0,16.8,1015.1
2023-11-18,30.5,18.2,23.5,52,0.0,12.4,1013.9
2023-11-19,31.8,18.2,24.5,50,0.0,11.8,1013.7
2023-11-20,32.8,20.6,26.0,50,0.0,13.5,1014.0
2023-11-21,32.3,21.1,25.7,51,0.0,15.4,1014.4
2023-11-22,31.2,19.0,23.8,51,0.0,10.4,1013.6
2023-11-23,29.9,15.6,22.3,50,0.0,9.9,1011.9
2023-11-24,31.8,17.4,24.0,43,0.0,18.6,1012.5
2023-11-25,32.4,20.5,25.5,42,0.0,17.0,1013.4
2023-11-26,29.7,20.3,23.3,68,50.1,24.5,1012.5
2023-11-27,25.8,19.0,21.7,84,1.4,12.0,1012.1
2023-11-28,26.2,17.4,21.1,80,0.0,8.4,1012.5
2023-11-29,27.2,16.8,21.1,75,0.0,11.9,1013.1
2023-11-30,27.9,16.3,21.6,72,0.0,10.0,1013.5
2023-12-01,27.7,18.9,22.7,69,0.6,14.0,1013.5
2023-12-02,28.0,19.9,23.6,71,0.3,19.6,1013.4
2023-12-03,28.3,20.5,23.7,77,0.3,15.4,1013.8
2023-12-04,27.7,18.9,22.7,73,0.0,11.2,1013.6
2023-12-05,27.6,17.6,21.6,69,0.0,16.2,1013.3
2023-12-06,27.2,16.8,21.5,72,0.0,17.4,1013.6
2023-12-07,27.7,18.3,22.1,65,0.0,13.4,1013.8
2023-12-08,27.8,17.5,21.6,65,0.0,12.7,1014.3
2023-12-09,27.9,15.9,21.1,62,0.0,9.6,1015.3
2023-12-10,28.2,15.6,21.2,63,0.0,11.6,1013.9
2023-12-11,28.1,15.6,21.2,62,0.0,11.0,1013.6
2023-12-12,28.0,15.5,20.9,64,0.0,11.5,1012.6
2023-12-13,28.5,15.5,21.2,60,0.0,13.7,1014.1
2023-12-14,29.1,16.8,22.1,54,0.0,14.8,1015.1
2023-12-15,29.5,17.4,22.7,56,0.0,12.6,1015.6
2023-12-16,29.0,17.8,22.1,53,0.0,15.5,1015.6
2023-12-17,28.2,14.8,20.5,48,0.0,13.5,1016.1
2023-12-18,26.9,15.7,20.6,48,0.0,20.5,1018.0
2023-12-19,25.8,16.4,20.4,48,0.0,19.7,1018.7
2023-12-20,25.6,16.8,20.4,45,0.0,18.4,1017.9
2023-12-21,27.3,16.9,21.2,47,0.0,15.6,1015.8
2023-12-22,28.8,17.2,21.9,51,0.0,15.7,1014.8
2023-12-23,29.5,16.0,21.8,53,0.0,12.2,1015.7
2023-12-24,29.9,17.1,21.9,53,0.0,15.1,1017.6
2023-12-25,29.6,15.9,21.4,61,0.0,13.0,1017.1
2023-12-26,29.6,15.6,21.5,64,0.0,11.5,1016.4
2023-12-27,29.4,15.3,21.6,65,0.0,9.2,1017.0
2023-12-28,29.3,18.1,22.5,61,0.0,16.2,1015.2
2023-12-29,29.0,17.5,22.3,63,0.0,13.9,1014.9
2023-12-30,29.1,15.9,21.7,69,0.0,10.2,1014.6
2023-12-31,28.2,14.9,20.7,68,0.0,9.4,1014.2
2024-01-01,27.6,15.0,20.5,72,0.0,10.7,1014.6
2024-01-02,27.3,15.4,20.2,73,0.0,12.8,1014.1
2024-01-03,26.5,14.4,19.2,67,0.0,11.6,1013.9
2024-01-04,26.0,14.0,18.6,60,0.0,14.2,1014.7
2024-01-05,25.7,13.0,18.0,65,0.0,12.3,1015.1
2024-01-06,25.9,13.9,18.6,63,0.0,15.5,1016.0
2024-01-07,26.5,14.7,19.7,67,0.0,16.9,1015.9
2024-01-08,27.4,16.5,21.3,70,0.4,14.3,1015.6
2024-01-09,27.4,16.7,21.3,65,1.2,15.5,1016.0
2024-01-10,27.8,17.4,21.3,66,0.0,13.7,1015.9
2024-01-11,28.2,15.7,20.8,69,0.0,11.9,1016.3
2024-01-12,28.2,14.9,20.8,71,0.0,11.3,1015.4
2024-01-13,27.9,14.0,20.3,62,0.0,11.5,1015.2
2024-01-14,27.0,12.2,18.8,46,0.0,13.2,1015.9
2024-01-15,26.4,11.5,18.2,55,0.0,10.7,1015.2
2024-01-16,26.2,11.3,18.7,55,0.0,9.6,1012.6
2024-01-17,26.4,12.8,19.0,62,0.0,9.9,1012.0
2024-01-18,27.4,13.5,19.8,54,0.0,11.4,1013.9
2024-01-19,27.1,14.5,19.6,54,0.0,13.5,1014.7
2024-01-20,26.6,13.4,19.1,47,0.0,13.6,1016.1
2024-01-21,26.8,13.6,19.2,44,0.0,13.7,1016.6
2024-01-22,26.8,13.1,18.7,45,0.0,13.2,1016.6
2024-01-23,27.1,12.6,19.3,43,0.0,11.2,1016.7
2024-01-24,27.0,12.5,19.4,48,0.0,9.8,1016.5
2024-01-25,27.3,12.4,19.1,52,0.0,14.6,1017.5
2024-01-26,27.7,13.2,19.3,52,0.0,13.0,1018.3
2024-01-27,28.9,13.7,19.9,52,0.0,12.4,1017.9
2024-01-28,29.2,12.1,20.7,49,0.0,10.4,1016.5
2024-01-29,27.6,14.1,20.3,52,0.0,10.1,1016.6
2024-01-30,28.8,13.6,21.4,56,0.0,8.4,1015.4
2024-01-31,28.7,15.7,22.2,56,0.0,11.2,1014.4
2024-02-01,28.4,17.5,22.6,64,0.0,11.8,1014.9
2024-02-02,29.4,15.4,22.4,56,0.0,10.5,1016.3
2024-02-03,31.6,16.4,23.5,50,0.0,10.8,1015.9
2024-02-04,32.1,17.4,24.5,54,0.0,15.2,1015.6
2024-02-05,29.3,18.4,23.6,66,0.0,12.1,1016.1
2024-02-06,30.0,17.4,23.3,59,0.0,9.8,1016.4
2024-02-07,30.2,17.6,23.4,53,0.0,14.7,1017.8
2024-02-08,27.6,17.6,21.8,43,0.0,18.4,1018.6
2024-02-09,28.0,14.9,20.6,36,0.0,13.6,1016.9
2024-02-10,29.2,14.9,21.4,35,0.0,14.8,1017.6
2024-02-11,29.3,15.7,21.5,38,0.0,15.5,1017.8
2024-02-12,28.8,16.1,21.8,41,0.0,13.9,1016.5
2024-02-13,29.3,17.1,22.9,39,0.0,13.6,1016.3
2024-02-14,29.7,16.0,22.8,36,0.0,12.4,1016.6
2024-02-15,31.5,18.3,24.0,43,0.0,18.3,1016.2
2024-02-16,33.5,19.6,25.2,40,0.0,18.0,1016.2
2024-02-17,34.3,19.9,25.9,37,0.0,14.5,1013.5
2024-02-18,33.6,17.4,25.5,31,0.0,13.9,1011.3
2024-02-19,33.8,19.2,26.0,31,0.0,17.1,1011.3
2024-02-20,31.8,19.2,25.0,60,0.0,11.9,1012.0
2024-02-21,30.0,20.6,24.5,57,0.0,19.4,1011.4
2024-02-22,29.5,19.0,23.6,52,0.0,17.8,1012.5
2024-02-23,29.7,16.2,22.7,27,0.0,12.6,1014.0
2024-02-24,30.2,15.2,22.2,18,0.0,14.3,1014.1
2024-02-25,30.9,15.2,22.6,19,0.0,14.3,1013.7
2024-02-26,32.6,19.7,24.8,32,0.0,21.1,1012.4
2024-02-27,34.2,20.2,26.3,38,0.0,14.3,1012.9
2024-02-28,33.7,20.0,26.2,42,0.0,14.0,1013.3
2024-02-29,36.3,20.4,27.6,35,0.0,14.2,1011.4
2024-03-01,36.5,21.5,28.2,36,0.0,22.7,1010.8
2024-03-02,28.8,20.7,23.8,65,9.3,23.5,1011.2
2024-03-03,25.1,13.6,19.0,39,0.0,13.3,1013.6
2024-03-04,27.5,13.3,20.1,33,0.0,11.3,1015.1
2024-03-05,29.9,14.1,21.5,32,0.0,12.6,1014.7
2024-03-06,31.2,15.0,22.6,36,0.0,11.4,1013.7
2024-03-07,31.7,15.7,23.5,33,0.0,13.3,1013.3
2024-03-08,31.9,15.5,23.7,34,0.0,13.8,1014.1
2024-03-09,31.9,15.7,24.2,30,0.0,14.5,1013.7
2024-03-10,33.7,19.1,26.0,36,0.0,13.7,1013.3
2024-03-11,34.6,19.0,27.1,31,0.0,12.8,1014.8
2024-03-12,34.3,21.8,27.4,37,0.0,12.4,1014.0
2024-03-13,33.9,19.4,26.1,38,0.0,19.5,1012.7
2024-03-14,33.0,19.7,26.1,40,0.0,12.2,1013.3
2024-03-15,33.7,17.3,25.9,32,0.0,10.7,1011.9
2024-03-16,35.0,19.4,27.2,31,0.0,17.9,1012.0
2024-03-17,35.9,21.3,28.3,27,0.0,21.4,1011.9
2024-03-18,36.0,21.7,28.3,20,0.0,15.6,1012.0
2024-03-19,36.8,18.6,27.8,20,0.0,17.7,1012.2
2024-03-20,37.8,21.3,29.2,21,0.0,17.3,1011.2
2024-03-21,37.5,22.3,29.3,20,0.0,11.2,1009.8
2024-03-22,37.8,19.9,29.3,20,0.0,13.1,1008.5
2024-03-23,38.2,21.6,30.0,30,0.0,12.2,1008.5
2024-03-24,37.0,23.9,29.9,35,0.0,14.0,1009.9
2024-03-25,38.8,22.9,30.6,36,0.0,9.9,1010.9
2024-03-26,39.8,23.2,31.8,33,0.0,10.5,1010.1
2024-03-27,40.3,25.1,32.6,32,0.0,13.0,1011.4
2024-03-28,39.8,26.0,32.5,30,0.0,13.5,1010.1
2024-03-29,39.4,25.2,31.8,29,0.0,17.9,1009.2
2024-03-30,37.2,25.1,30.3,34,0.0,17.0,1011.4
2024-03-31,36.7,23.6,29.4,31,0.0,13.6,1012.6
2024-04-01,37.6,23.3,30.5,31,0.0,15.3,1009.2
2024-04-02,37.4,23.9,30.4,26,0.0,12.3,1007.7
2024-04-03,37.1,23.3,30.2,32,0.0,13.0,1008.6
2024-04-04,37.1,25.2,30.8,34,0.0,14.1,1009.5
2024-04-05,36.3,24.8,30.6,34,0.0,19.3,1009.4
2024-04-06,37.4,26.0,31.2,28,0.0,15.8,1008.4
2024-04-07,38.3,23.6,30.8,23,0.0,14.1,1007.2
2024-04-08,40.0,23.2,31.8,28,0.0,12.7,1007.6
2024-04-09,41.1,23.5,32.8,19,0.0,14.7,1007.2
2024-04-10,40.1,24.2,32.6,20,0.0,11.5,1007.2
2024-04-11,40.1,26.0,33.1,28,0.0,17.3,1007.9
2024-04-12,38.8,25.7,31.8,29,0.0,15.1,1007.5
2024-04-13,38.2,22.8,30.9,38,0.0,15.3,1008.0
2024-04-14,38.9,27.8,32.8,40,0.2,16.3,1009.8
2024-04-15,40.4,26.9,33.4,34,0.0,17.6,1010.7
2024-04-16,40.7,27.2,33.9,27,0.0,15.8,1009.7
2024-04-17,42.8,27.0,34.9,25,0.0,15.9,1007.7
2024-04-18,41.1,28.1,34.2,26,0.0,17.7,1007.4
2024-04-19,39.1,26.7,32.9,34,0.0,21.6,1006.3
2024-04-20,37.6,25.3,31.1,32,0.0,16.6,1006.7
2024-04-21,38.1,25.5,31.5,36,0.0,18.3,1007.0
2024-04-22,38.3,25.2,31.4,33,0.0,14.9,1007.6
2024-04-23,39.3,24.8,31.9,32,0.0,15.6,1006.6
2024-04-24,40.6,24.9,32.9,29,0.0,11.2,1005.6
2024-04-25,40.4,26.8,33.5,31,0.0,13.9,1005.9
2024-04-26,39.5,25.8,33.0,33,0.0,15.3,1006.3
2024-04-27,39.6,27.2,33.3,30,0.0,15.5,1007.2
2024-04-28,40.5,27.5,33.7,19,0.0,15.3,1007.4
2024-04-29,40.3,27.6,33.6,27,0.0,17.4,1007.7
2024-04-30,40.0,25.1,32.6,17,0.0,17.6,1006.3
2024-05-01,40.3,24.2,32.7,16,0.0,18.1,1003.9
2024-05-02,40.0,23.5,32.3,12,0.0,11.6,1004.6
2024-05-03,41.6,24.7,33.2,20,0.0,13.8,1005.6
2024-05-04,40.5,29.2,34.8,36,0.0,20.9,1006.8
2024-05-05,39.5,29.4,34.3,34,0.0,19.6,1005.3
2024-05-06,40.8,26.9,33.6,42,0.0,17.4,1005.3
2024-05-07,42.8,27.4,35.1,41,0.0,16.7,1005.4
2024-05-08,42.2,28.4,35.7,34,0.0,15.0,1004.9
2024-05-09,42.2,28.6,35.5,34,0.0,21.3,1004.4
2024-05-10,41.6,28.4,35.1,43,0.0,20.0,1005.8
2024-05-11,40.8,28.5,35.0,41,0.0,19.8,1007.4
2024-05-12,41.5,29.0,34.9,41,0.0,19.4,1007.5
2024-05-13,40.5,28.8,33.6,43,0.9,16.6,1007.8
2024-05-14,39.4,27.5,33.7,36,0.5,11.7,1008.0
2024-05-15,41.6,27.7,35.2,25,0.0,14.2,1007.6
2024-05-16,42.0,28.5,35.6,29,0.0,22.8,1007.4
2024-05-17,45.0,30.5,37.0,24,0.0,16.2,1004.9
2024-05-18,44.6,30.0,37.1,26,0.0,15.7,1003.2
2024-05-19,45.1,31.4,38.5,18,0.0,21.7,1001.1
2024-05-20,44.3,30.9,37.5,26,0.0,18.7,1001.9
2024-05-21,44.9,30.4,37.2,31,0.0,15.9,1001.9
2024-05-22,45.4,30.3,37.6,33,0.0,16.8,1000.8
2024-05-23,46.2,30.9,38.2,29,0.0,22.3,999.4
2024-05-24,45.5,30.7,37.8,31,0.0,21.6,998.9
2024-05-25,44.2,28.7,36.3,43,0.0,20.5,999.9
2024-05-26,43.7,29.5,36.5,44,0.0,23.6,1000.5
2024-05-27,43.8,28.8,36.1,46,0.0,22.9,999.3
2024-05-28,43.6,28.6,35.5,48,0.0,24.9,999.4
2024-05-29,42.4,28.5,34.8,51,0.0,23.4,999.8
2024-05-30,42.7,28.1,34.4,51,0.0,20.9,1001.8
2024-05-31,41.9,29.3,34.8,50,0.0,18.7,1003.2
2024-06-01,41.7,29.4,34.6,48,0.0,23.0,1003.1
2024-06-02,41.4,29.3,34.6,44,0.0,16.2,1004.2
2024-06-03,41.1,29.0,34.9,50,1.0,14.3,1004.2
2024-06-04,40.5,29.1,35.0,47,0.0,20.6,1004.3
2024-06-05,41.3,28.7,34.9,43,0.0,18.8,1004.8
2024-06-06,41.4,28.3,35.0,44,0.0,18.0,1005.6
2024-06-07,41.3,29.5,35.5,43,0.0,16.0,1003.7
2024-06-08,40.7,29.2,34.9,45,0.0,18.5,1002.7
2024-06-09,41.8,30.4,35.9,42,0.0,23.1,1001.9
2024-06-10,41.1,29.8,35.2,45,0.0,15.0,1003.1
2024-06-11,40.8,28.7,34.8,46,0.0,17.6,1003.3
2024-06-12,40.4,28.0,34.2,48,0.0,20.3,1004.0
2024-06-13,41.1,28.2,34.1,47,0.0,18.0,1003.7
2024-06-14,40.6,29.1,34.1,48,0.0,19.5,1002.7
2024-06-15,39.8,29.4,34.1,49,0.0,14.6,1002.4
2024-06-16,40.9,30.0,34.8,48,0.0,17.0,1002.6
2024-06-17,40.7,30.5,35.0,50,0.0,17.6,1002.9
2024-06-18,40.2,30.3,34.3,53,0.5,23.7,1002.0
2024-06-19,40.3,30.1,34.4,52,0.1,24.5,999.4
2024-06-20,41.6,29.9,34.4,53,0.2,25.3,998.1
2024-06-21,40.6,29.8,34.4,53,0.2,22.2,999.4
2024-06-22,39.9,29.9,34.5,51,0.0,16.5,999.0
2024-06-23,41.1,30.4,34.2,54,5.0,17.2,998.6
2024-06-24,39.7,30.3,33.5,57,4.7,20.0,997.5
2024-06-25,36.2,26.7,31.7,68,0.3,15.1,996.7
2024-06-26,38.5,28.8,32.9,63,1.7,11.9,996.2
2024-06-27,35.7,28.7,31.5,70,1.3,20.1,997.7
2024-06-28,33.1,27.5,29.6,78,6.0,19.9,998.7
2024-06-29,31.8,26.9,28.2,87,17.3,19.6,999.7
2024-06-30,32.1,26.6,27.9,88,16.5,20.6,999.8
2024-07-01,28.8,25.7,27.0,92,24.2,22.6,997.3
2024-07-02,29.9,25.3,26.9,90,79.0,19.1,996.8
2024-07-03,32.8,26.4,29.6,82,7.9,16.5,998.2
2024-07-04,33.1,27.1,29.8,79,2.3,12.6,1000.0
2024-07-05,30.8,25.9,28.2,87,15.8,15.1,998.6
2024-07-06,32.4,26.3,29.4,80,0.5,19.9,996.9
2024-07-07,33.8,26.9,29.9,77,1.9,17.1,998.7
2024-07-08,32.9,25.6,29.1,83,8.1,9.7,1000.3
2024-07-09,33.1,26.5,29.2,84,17.6,10.9,1001.3
2024-07-10,32.8,25.9,29.0,81,0.2,15.8,1003.2
2024-07-11,33.1,26.9,29.0,81,7.0,16.5,1002.2
2024-07-12,33.0,26.3,28.8,81,2.6,18.1,999.7
2024-07-13,32.6,25.7,29.2,80,2.1,16.0,999.2
2024-07-14,33.0,26.5,29.8,79,1.9,14.5,998.4
2024-07-15,30.9,26.8,28.1,88,20.1,11.9,999.1
2024-07-16,33.1,25.8,29.1,85,15.6,15.7,998.3
2024-07-17,32.5,26.5,29.1,82,1.5,14.8,999.0
2024-07-18,33.8,26.7,29.2,80,3.9,18.7,998.7
2024-07-19,32.0,26.9,28.8,82,4.2,19.4,996.5
2024-07-20,32.5,26.3,28.9,82,1.6,16.3,997.4
2024-07-21,33.3,26.1,29.3,80,0.7,11.2,998.2
2024-07-22,31.7,27.0,28.4,86,14.6,17.7,999.1
2024-07-23,31.5,26.6,28.1,85,7.3,16.8,999.3
2024-07-24,31.3,26.1,27.5,88,6.7,17.4,997.0
2024-07-25,30.8,25.6,27.3,87,8.7,20.5,996.5
2024-07-26,30.9,25.9,28.0,85,4.1,20.0,997.8
2024-07-27,29.9,26.1,27.4,89,10.1,15.6,999.4
2024-07-28,32.1,25.8,28.0,88,18.1,13.8,997.8
2024-07-29,30.1,25.9,26.9,94,46.3,34.8,995.0
2024-07-30,30.9,25.8,27.5,90,34.4,14.3,999.2
2024-07-31,31.8,25.3,28.2,84,4.0,14.8,1001.8
2024-08-01,30.2,25.9,27.4,87,9.1,16.0,1001.1
2024-08-02,28.3,25.7,26.7,89,10.6,18.2,1000.1
2024-08-03,29.0,25.3,26.3,93,50.9,22.0,1000.0
2024-08-04,29.8,25.8,27.3,87,4.4,18.5,1001.0
2024-08-05,29.0,25.4,27.1,86,4.4,16.1,1002.4
2024-08-06,31.9,25.3,27.8,82,3.1,19.9,1002.7
2024-08-07,31.0,24.8,27.9,79,2.4,20.3,1003.4
2024-08-08,30.4,24.8,27.4,82,2.9,16.6,1004.6
2024-08-09,30.5,24.9,26.6,89,17.0,15.0,1005.7
2024-08-10,29.1,25.5,26.7,90,15.8,15.7,1005.0
2024-08-11,29.3,25.3,26.6,87,8.5,19.1,1003.5
2024-08-12,30.8,25.0,27.1,87,10.3,16.6,1003.7
2024-08-13,30.8,25.6,27.2,88,12.4,11.5,1004.9
2024-08-14,31.0,25.5,28.0,85,2.3,13.3,1005.1
2024-08-15,31.0,25.5,28.0,84,0.3,12.9,1004.1
2024-08-16,31.5,25.9,27.9,83,2.5,15.1,1002.8
2024-08-17,31.9,25.3,28.2,82,0.5,12.9,1004.5
2024-08-18,32.5,25.3,28.6,80,1.0,10.2,1005.8
2024-08-19,32.1,25.8,29.1,79,0.5,11.2,1005.2
2024-08-20,31.3,26.0,28.5,81,4.9,10.2,1004.7
2024-08-21,31.8,25.9,28.7,81,0.4,10.9,1005.4
2024-08-22,31.8,26.3,28.6,85,4.8,8.0,1004.4
2024-08-23,31.5,26.0,28.1,89,17.9,7.8,1004.6
2024-08-24,27.4,25.1,26.1,94,21.1,14.2,1004.0
2024-08-25,30.4,24.7,26.2,92,44.9,20.7,1000.6
2024-08-26,28.9,24.9,25.9,94,109.3,29.7,995.5
2024-08-27,26.7,24.3,25.2,92,75.2,35.1,996.7
2024-08-28,29.0,24.7,26.1,89,37.2,30.9,998.7
2024-08-29,30.8,25.2,27.0,86,11.2,29.6,999.7
2024-08-30,30.1,25.0,27.1,86,3.6,19.7,1003.6
2024-08-31,32.0,24.3,27.9,78,0.1,8.2,1006.1
2024-09-01,31.8,24.5,28.3,79,0.6,11.4,1005.5
2024-09-02,30.5,25.7,27.3,86,21.6,20.8,1004.2
2024-09-03,28.7,24.8,26.1,92,63.6,11.2,1004.3
2024-09-04,29.6,24.1,26.4,86,3.5,17.6,1004.7
2024-09-05,29.5,24.7,26.1,90,18.1,18.8,1002.8
2024-09-06,30.7,23.7,27.0,86,17.5,18.8,1004.1
2024-09-07,31.8,24.7,27.7,81,1.0,15.9,1005.3
2024-09-08,29.7,25.0,27.2,87,7.0,14.0,1005.7
2024-09-09,31.5,25.1,27.8,84,1.0,16.9,1003.3
2024-09-10,31.2,25.1,27.4,86,3.9,16.9,1002.2
2024-09-11,30.7,24.5,27.4,86,8.5,15.4,1002.9
2024-09-12,31.6,25.1,28.0,80,1.0,16.7,1004.2
2024-09-13,31.3,24.5,27.2,77,0.4,17.3,1005.0
2024-09-14,30.1,22.8,26.2,83,0.6,14.0,1004.9
2024-09-15,31.2,23.3,26.7,81,0.6,14.4,1005.9
2024-09-16,31.3,21.8,26.6,78,0.0,12.2,1007.4
2024-09-17,31.2,23.1,27.0,78,0.1,11.2,1007.6
2024-09-18,32.0,24.2,27.6,78,0.0,16.7,1005.5
2024-09-19,32.8,23.9,28.1,75,0.0,13.9,1005.7
2024-09-20,33.0,24.7,28.6,73,0.0,14.0,1005.8
2024-09-21,32.0,25.5,28.7,76,0.0,13.9,1007.1
2024-09-22,33.1,25.7,29.1,75,0.3,13.8,1006.7
2024-09-23,33.4,26.2,29.5,72,0.0,14.1,1005.9
2024-09-24,33.6,26.3,29.8,75,0.6,11.7,1004.1
2024-09-25,33.7,26.3,29.2,80,12.5,14.2,1003.1
2024-09-26,32.2,25.7,28.0,89,5.0,13.0,1002.4
2024-09-27,29.9,24.8,27.0,90,24.1,11.8,1003.0
2024-09-28,29.9,25.0,26.8,90,18.8,12.0,1005.6
2024-09-29,30.2,24.7,26.8,91,1.0,9.3,1008.7
2024-09-30,32.0,24.2,28.0,86,0.7,8.9,1009.6
2024-10-01,33.5,25.3,29.2,81,0.0,11.8,1007.8
2024-10-02,33.6,25.6,29.3,78,0.0,12.0,1007.8
2024-10-03,32.6,24.6,28.4,78,0.0,17.0,1007.7
2024-10-04,32.2,24.4,27.8,80,0.2,12.0,1007.8
2024-10-05,31.8,23.8,27.4,80,0.2,9.4,1009.0
2024-10-06,32.3,22.7,27.3,77,0.0,7.4,1010.6
2024-10-07,34.4,23.3,28.3,65,0.0,11.4,1011.3
2024-10-08,34.2,23.9,28.7,65,0.0,11.5,1011.1
2024-10-09,34.5,23.4,28.6,62,0.0,10.5,1009.3
2024-10-10,29.6,24.9,26.8,77,2.0,11.0,1008.8
2024-10-11,31.1,25.4,27.5,69,0.4,17.3,1008.6
2024-10-12,31.6,24.2,27.2,75,4.2,19.3,1008.9
2024-10-13,31.2,24.4,27.1,83,16.5,17.7,1009.4
2024-10-14,31.5,24.6,27.9,79,0.0,11.2,1010.1
2024-10-15,32.9,24.8,28.4,77,1.3,10.7,1009.9
2024-10-16,33.0,25.0,28.6,78,1.8,8.5,1009.0
2024-10-17,33.4,24.2,28.4,65,0.0,10.0,1008.6
2024-10-18,33.6,24.5,28.3,64,0.0,13.8,1008.5
2024-10-19,32.7,24.3,28.3,76,0.8,21.8,1009.9
2024-10-20,32.1,24.5,27.8,80,0.0,8.8,1011.1
2024-10-21,30.7,24.6,27.0,81,4.3,14.6,1011.4
2024-10-22,32.8,22.5,27.0,76,7.3,10.2,1011.6
2024-10-23,33.6,23.6,28.1,62,0.0,11.0,1011.5
2024-10-24,34.5,23.1,28.1,51,0.0,11.2,1011.2
2024-10-25,34.8,21.3,27.3,54,0.0,9.9,1010.8
2024-10-26,34.2,19.7,27.1,58,0.0,8.2,1010.7
2024-10-27,36.2,21.3,28.6,50,0.0,12.2,1008.8
2024-10-28,36.0,21.5,28.6,51,0.0,9.8,1007.0
2024-10-29,36.7,23.1,29.0,51,0.0,11.3,1008.3
2024-10-30,36.3,22.6,28.8,40,0.0,14.1,1010.0
2024-10-31,36.1,23.1,28.7,44,0.0,11.0,1011.5
2024-11-01,35.9,21.7,28.2,42,0.0,9.7,1012.6
2024-11-02,34.7,20.1,27.1,41,0.0,9.3,1012.9
2024-11-03,35.2,21.3,27.8,43,0.0,9.7,1012.8
2024-11-04,35.2,21.7,28.2,44,0.0,10.2,1011.9
2024-11-05,35.3,22.1,27.9,46,0.0,11.1,1012.7
2024-11-06,34.9,22.5,28.0,47,0.0,10.3,1013.9
2024-11-07,34.7,22.3,28.0,50,0.0,9.0,1013.3
2024-11-08,35.1,21.6,27.7,48,0.0,11.3,1012.8
2024-11-09,34.7,21.4,27.7,45,0.0,9.2,1013.0
2024-11-10,34.7,21.6,27.4,45,0.0,10.5,1013.4
2024-11-11,33.9,20.4,26.9,43,0.0,11.6,1013.2
2024-11-12,33.6,20.3,26.0,50,0.0,12.8,1012.7
2024-11-13,31.8,19.4,24.9,55,0.0,13.4,1011.5
2024-11-14,31.4,18.6,24.0,60,0.0,11.4,1012.7
2024-11-15,30.9,17.2,23.5,58,0.0,10.9,1013.2
2024-11-16,30.5,17.5,23.1,57,0.0,8.7,1012.7
2024-11-17,31.1,17.2,23.4,55,0.0,11.4,1012.8
2024-11-18,30.4,17.5,23.3,54,0.0,12.3,1013.7
2024-11-19,29.8,17.9,22.8,57,0.0,12.6,1014.8
2024-11-20,29.3,18.2,22.4,56,0.0,14.1,1014.4
2024-11-21,28.4,16.3,21.3,52,0.0,13.2,1014.1
2024-11-22,28.0,15.0,20.5,55,0.0,13.5,1013.6
2024-11-23,28.1,15.0,20.5,58,0.0,12.0,1014.0
2024-11-24,28.8,15.2,21.2,57,0.0,13.5,1014.3
2024-11-25,29.0,16.4,21.7,56,0.0,13.3,1014.6
2024-11-26,29.3,15.2,21.6,52,0.0,11.8,1014.7
2024-11-27,29.1,14.8,21.8,51,0.0,10.3,1013.7
2024-11-28,29.3,15.5,21.7,54,0.0,11.9,1013.8
2024-11-29,28.1,16.7,21.3,50,0.0,14.0,1014.6
2024-11-30,27.1,15.3,20.5,48,0.0,15.3,1013.6
2024-12-01,27.2,15.0,20.5,51,0.0,14.9,1011.5
2024-12-02,28.3,15.3,20.9,51,0.0,15.4,1011.0
2024-12-03,29.8,18.2,23.0,52,0.0,14.5,1012.7
2024-12-04,30.1,19.9,23.9,50,0.0,14.7,1013.3
2024-12-05,30.0,19.0,23.5,47,0.0,14.3,1013.3
2024-12-06,28.7,15.6,21.3,46,0.0,10.8,1013.0
2024-12-07,27.9,13.9,20.3,51,0.0,10.2,1011.9
2024-12-08,27.6,13.5,19.6,44,0.0,13.8,1012.5
2024-12-09,25.4,10.9,18.0,30,0.0,14.1,1015.1
2024-12-10,24.7,12.6,17.8,42,0.0,16.5,1015.7
2024-12-11,25.8,13.3,18.3,46,0.0,16.2,1015.1
2024-12-12,25.8,12.2,18.1,49,0.0,12.5,1014.8
2024-12-13,25.0,13.4,18.3,38,0.0,19.5,1016.6
2024-12-14,25.7,12.5,18.2,36,0.0,19.0,1016.8
2024-12-15,26.6,12.5,18.6,41,0.0,15.5,1016.6
2024-12-16,27.3,13.2,19.2,43,0.0,16.1,1014.8
2024-12-17,27.1,10.5,18.2,50,0.0,12.3,1013.4
2024-12-18,27.9,14.0,19.7,52,0.0,13.5,1012.3
2024-12-19,27.7,12.4,19.4,60,0.0,11.1,1011.5
2024-12-20,26.2,13.2,18.8,53,0.0,10.6,1012.1
2024-12-21,28.6,14.2,20.6,60,0.0,12.8,1012.0
2024-12-22,27.6,17.4,21.4,58,0.0,16.2,1011.7
2024-12-23,25.5,14.9,19.6,57,0.0,11.7,1012.8
2024-12-24,24.9,11.7,18.0,54,0.0,13.9,1014.3
2024-12-25,27.3,14.6,20.0,64,0.0,12.5,1015.1
2024-12-26,28.1,17.9,22.1,71,0.0,12.8,1016.0
2024-12-27,27.2,18.0,22.1,73,0.0,14.1,1015.7
2024-12-28,25.6,14.9,19.9,63,0.0,13.1,1016.9
2024-12-29,26.3,15.1,19.5,57,0.0,16.7,1017.9
2024-12-30,26.0,13.7,18.8,59,0.0,15.7,1017.6
2024-12-31,26.4,13.1,18.7,68,0.0,12.9,1017.3
2025-01-01,27.4,13.8,19.5,73,0.0,13.1,1016.1
2025-01-02,28.3,14.9,20.5,67,0.0,14.0,1015.9
2025-01-03,28.8,14.3,20.4,62,0.0,12.3,1015.4
2025-01-04,28.4,13.0,19.9,65,0.0,9.6,1013.7
2025-01-05,26.8,13.7,19.8,60,0.0,12.6,1013.5
2025-01-06,25.5,11.9,18.4,50,0.0,15.4,1015.3
2025-01-07,24.7,12.5,17.6,45,0.0,14.8,1017.1
2025-01-08,24.4,10.6,16.3,49,0.0,15.5,1015.6
2025-01-09,26.4,11.6,17.9,52,0.0,15.4,1014.8
2025-01-10,27.7,13.5,19.8,52,0.0,14.4,1014.9
2025-01-11,26.6,16.1,20.5,58,0.0,12.7,1014.5
2025-01-12,26.3,12.6,18.9,52,0.0,15.9,1017.0
2025-01-13,24.3,12.3,17.3,52,0.0,15.6,1017.1
2025-01-14,25.7,11.8,18.1,55,0.0,15.4,1015.9
2025-01-15,25.8,16.2,20.0,62,0.5,15.0,1015.5
2025-01-16,26.6,12.4,18.8,49,0.0,14.1,1017.6
2025-01-17,26.7,13.8,19.8,60,0.0,18.0,1016.7
2025-01-18,29.2,16.5,21.8,64,0.0,16.8,1014.1
2025-01-19,29.9,16.8,22.7,63,0.0,10.7,1014.2
2025-01-20,29.9,15.8,22.1,60,0.0,11.6,1013.8
2025-01-21,29.1,15.4,21.8,61,0.0,9.6,1012.7
2025-01-22,27.9,14.9,21.0,55,0.0,11.2,1012.5
2025-01-23,27.1,13.5,20.4,45,0.0,16.1,1013.7
2025-01-24,27.5,15.3,20.6,43,0.0,18.8,1013.9
2025-01-25,28.0,15.2,20.6,42,0.0,15.5,1013.9
2025-01-26,28.6,13.9,20.3,50,0.0,12.7,1013.1
2025-01-27,28.7,14.2,20.7,51,0.0,13.0,1011.8
2025-01-28,30.0,15.7,22.0,50,0.0,12.0,1011.0
2025-01-29,29.9,14.1,21.3,52,0.0,7.7,1012.3
2025-01-30,29.3,13.3,20.8,51,0.0,10.9,1011.4
2025-01-31,28.4,12.8,20.3,52,0.0,11.0,1010.8
2025-02-01,26.7,13.1,19.2,47,0.0,9.7,1012.7
2025-02-02,26.9,10.9,19.5,42,0.0,8.3,1013.5
2025-02-03,29.3,14.8,21.4,43,0.0,9.7,1012.3
2025-02-04,27.6,16.1,20.8,42,0.0,15.2,1014.1
2025-02-05,27.0,12.1,19.1,38,0.0,11.2,1014.8
2025-02-06,27.4,13.4,19.7,36,0.0,20.5,1015.0
2025-02-07,28.3,15.2,20.8,38,0.0,18.6,1015.4
2025-02-08,29.5,15.8,21.6,42,0.0,16.0,1013.9
2025-02-09,30.3,13.8,21.2,49,0.0,11.7,1012.7
2025-02-10,30.8,13.1,21.5,46,0.0,9.0,1013.3
2025-02-11,29.5,13.1,20.8,51,0.0,9.8,1014.0
2025-02-12,30.5,15.9,22.4,57,0.0,12.0,1014.8
2025-02-13,29.8,15.5,22.5,41,0.0,11.3,1015.1
2025-02-14,31.5,14.5,22.7,45,0.0,10.1,1014.0
2025-02-15,32.9,15.8,23.6,46,0.0,14.0,1011.5
2025-02-16,31.9,17.2,23.8,53,0.0,11.4,1011.6
2025-02-17,32.0,17.7,24.3,58,0.0,9.0,1013.1
2025-02-18,32.1,19.4,25.1,50,0.0,14.6,1012.8
2025-02-19,31.9,18.4,24.8,44,0.0,12.9,1011.8
2025-02-20,31.8,18.7,24.6,48,0.0,11.2,1012.5
2025-02-21,32.1,17.3,24.4,46,0.0,10.8,1014.9
2025-02-22,32.1,17.1,24.0,46,0.0,10.9,1015.3
2025-02-23,32.0,16.9,24.2,43,0.0,10.1,1015.3
2025-02-24,32.6,18.3,24.8,40,0.0,13.6,1015.5
2025-02-25,32.9,19.4,25.1,39,0.0,13.7,1016.1
2025-02-26,34.1,19.8,26.0,42,0.0,12.8,1015.7
2025-02-27,34.9,18.9,26.1,44,0.0,9.4,1013.1
2025-02-28,33.5,20.2,25.9,43,0.0,12.1,1011.7
2025-03-01,32.5,19.5,25.3,52,0.0,11.6,1012.0
2025-03-02,31.8,19.0,24.8,47,0.0,8.8,1011.2
2025-03-03,33.1,20.1,25.6,44,0.0,9.7,1012.0
2025-03-04,30.9,19.8,24.7,32,0.0,19.8,1014.1
2025-03-05,31.2,15.4,22.4,19,0.0,16.8,1015.6
2025-03-06,31.9,14.3,22.8,26,0.0,9.6,1014.0
2025-03-07,34.4,15.8,24.9,30,0.0,8.9,1011.3
2025-03-08,35.8,18.3,26.6,38,0.0,12.4,1008.3
2025-03-09,35.6,20.7,27.5,38,0.0,11.0,1009.2
2025-03-10,37.2,19.4,28.0,35,0.0,8.8,1011.5
2025-03-11,38.1,20.4,28.8,33,0.0,10.6,1011.6
2025-03-12,37.8,20.6,28.7,31,0.0,12.7,1009.6
2025-03-13,37.5,20.2,28.6,28,0.0,19.7,1008.5
2025-03-14,37.3,22.4,29.7,31,0.0,18.2,1008.7
2025-03-15,36.1,21.4,28.3,36,0.0,11.9,1010.0
2025-03-16,34.9,21.8,27.7,34,0.0,17.5,1011.0
2025-03-17,34.2,19.7,27.0,30,0.0,13.8,1011.3
2025-03-18,34.6,21.0,27.8,27,0.0,17.8,1010.5
2025-03-19,35.0,20.1,27.2,26,0.0,12.2,1011.2
2025-03-20,34.0,19.7,26.9,33,0.0,15.7,1013.0
2025-03-21,34.4,20.4,27.4,38,0.0,12.5,1013.3
2025-03-22,36.2,20.7,28.4,28,0.0,12.2,1012.0
2025-03-23,36.8,20.2,28.7,26,0.0,8.7,1012.2
2025-03-24,37.4,21.0,29.1,24,0.0,9.3,1011.7
2025-03-25,37.6,21.5,29.4,27,0.0,10.9,1008.7
2025-03-26,37.0,22.8,29.3,32,0.0,12.5,1007.2
2025-03-27,35.1,22.9,28.4,39,0.0,15.2,1008.6
2025-03-28,35.2,21.8,27.7,15,0.0,16.0,1009.8
2025-03-29,35.6,19.0,26.8,12,0.0,11.9,1009.3
2025-03-30,36.7,19.0,27.8,15,0.0,13.0,1009.1
2025-03-31,37.8,21.0,29.4,15,0.0,14.3,1008.8
2025-04-01,38.9,22.4,30.2,14,0.0,12.7,1007.4
2025-04-02,38.5,21.1,29.9,15,0.0,14.1,1007.4
2025-04-03,39.8,21.0,30.4,18,0.0,13.2,1009.1
2025-04-04,39.6,22.1,30.5,27,0.0,10.9,1010.6
2025-04-05,40.5,22.0,31.2,22,0.0,13.6,1009.3
2025-04-06,41.5,24.1,32.7,20,0.0,15.3,1007.7
2025-04-07,41.7,25.3,32.9,19,0.0,16.1,1008.0
2025-04-08,41.9,23.4,33.1,19,0.0,15.9,1008.9
2025-04-09,42.3,26.3,33.6,18,0.0,18.2,1008.0
2025-04-10,41.8,24.7,33.2,18,0.0,25.9,1004.9
2025-04-11,37.5,23.8,30.0,43,0.0,19.0,1004.0
2025-04-12,39.6,23.8,31.3,43,0.0,15.9,1006.0
2025-04-13,40.8,24.4,32.0,40,0.0,16.8,1008.2
2025-04-14,41.1,26.0,33.0,33,0.0,21.0,1007.1
2025-04-15,41.9,26.3,33.3,37,0.0,18.6,1006.2
2025-04-16,42.1,25.8,33.5,43,0.0,17.4,1005.7
2025-04-17,41.9,25.7,33.3,40,0.0,18.0,1005.3
2025-04-18,42.2,25.8,33.7,34,0.0,20.7,1005.1
2025-04-19,40.3,24.5,32.1,34,0.0,24.5,1005.2
2025-04-20,39.7,23.7,31.5,41,0.0,16.4,1006.0
2025-04-21,40.2,24.5,32.3,33,0.0,13.7,1008.4
2025-04-22,41.1,23.6,32.2,22,0.0,14.5,1009.2
2025-04-23,41.5,22.6,32.3,15,0.0,11.8,1007.1
2025-04-24,41.2,23.9,32.5,22,0.0,13.8,1005.4
2025-04-25,40.7,24.2,32.0,31,0.0,16.9,1005.9
2025-04-26,41.5,24.7,32.7,37,0.0,15.3,1005.4
2025-04-27,42.6,25.1,33.7,34,0.0,11.9,1006.1
2025-04-28,43.7,26.4,34.4,32,0.0,16.2,1004.5
2025-04-29,43.5,26.6,34.4,34,0.0,19.0,1003.7
2025-04-30,43.9,26.7,35.0,29,0.0,20.9,1004.8
2025-05-01,43.5,26.7,34.8,29,0.0,21.1,1005.8
2025-05-02,42.8,26.5,34.4,31,0.0,19.5,1005.8
2025-05-03,40.7,25.9,32.7,45,0.0,33.5,1004.9
2025-05-04,37.7,26.9,31.0,51,0.1,20.1,1004.9
2025-05-05,36.8,24.5,29.9,55,3.6,26.3,1004.8
2025-05-06,33.4,22.6,26.5,70,5.9,21.3,1005.7
2025-05-07,33.0,22.3,25.8,80,13.9,27.4,1005.1
2025-05-08,33.5,23.0,28.1,69,0.1,11.7,1005.5
2025-05-09,35.3,25.0,29.5,63,0.0,12.4,1006.8
2025-05-10,36.0,24.9,30.6,57,0.0,13.5,1007.0
2025-05-11,35.6,27.5,31.2,59,0.8,11.5,1006.2
2025-05-12,36.1,26.2,31.4,58,0.1,11.1,1005.2
2025-05-13,37.6,26.5,32.1,55,0.0,13.9,1005.3
2025-05-14,38.7,26.0,32.4,50,0.0,11.3,1005.5
2025-05-15,39.1,26.5,33.0,53,0.0,12.7,1005.3
2025-05-16,38.4,28.1,33.1,54,0.0,17.5,1004.8
2025-05-17,39.6,28.4,33.8,54,0.0,16.4,1004.4
2025-05-18,40.8,28.6,34.3,50,0.0,15.0,1003.9
2025-05-19,39.8,28.3,33.7,55,0.1,12.8,1003.3
2025-05-20,40.3,29.2,34.6,48,0.1,12.7,1002.4
2025-05-21,40.9,29.2,34.8,46,0.0,20.6,1002.2
2025-05-22,40.7,28.6,34.6,49,0.0,16.1,1001.1
2025-05-23,41.2,29.2,34.9,43,0.0,14.2,998.8
2025-05-24,42.0,28.1,34.7,43,0.0,22.2,997.8
2025-05-25,41.3,28.3,34.6,48,0.0,17.4,999.7
2025-05-26,41.5,28.9,35.1,53,0.0,14.4,999.3
2025-05-27,41.7,29.5,34.9,57,0.2,18.9,997.7
2025-05-28,39.7,28.4,33.3,59,0.3,18.6,998.4
2025-05-29,40.3,27.6,32.7,61,0.7,18.4,997.3
2025-05-30,40.4,28.4,32.9,61,0.0,20.8,997.3
2025-05-31,39.1,27.1,32.5,57,0.0,24.0,1001.0
2025-06-01,38.6,27.9,32.4,56,0.3,22.0,1001.7
2025-06-02,38.0,27.0,32.2,55,0.5,24.1,1000.6
2025-06-03,39.0,27.2,32.4,55,0.4,21.0,1001.5
2025-06-04,37.7,27.5,32.2,52,0.0,16.0,1003.5
2025-06-05,38.2,27.1,32.4,58,0.0,12.8,1006.5
2025-06-06,40.0,27.7,33.5,49,0.0,12.5,1007.0
2025-06-07,40.5,27.7,33.8,46,0.0,15.0,1006.4
2025-06-08,40.3,27.3,33.8,50,0.0,17.5,1005.9
2025-06-09,40.6,28.1,34.2,48,0.0,19.0,1004.9
2025-06-10,39.9,28.2,34.0,49,0.0,20.1,1003.1
2025-06-11,40.6,27.8,34.1,47,0.0,21.2,1002.0
2025-06-12,41.5,28.7,34.9,46,0.0,21.0,1000.1
2025-06-13,40.8,28.9,34.6,52,0.0,18.2,999.5
2025-06-14,37.1,29.7,32.6,62,10.2,13.6,998.9
2025-06-15,38.2,27.4,33.3,56,0.4,13.3,996.6
2025-06-16,35.9,27.7,31.1,70,14.9,15.5,995.2
2025-06-17,33.0,27.2,28.8,78,3.7,16.7,996.3
2025-06-18,34.4,25.7,29.7,78,10.3,16.9,998.0
2025-06-19,35.5,28.3,31.4,65,0.0,23.2,998.0
2025-06-20,35.9,27.9,30.5,68,0.9,21.3,1000.2
2025-06-21,31.2,26.1,28.6,80,15.9,16.1,1001.2
2025-06-22,35.0,25.6,29.8,74,5.7,17.5,1000.0
2025-06-23,32.5,26.4,28.4,84,6.3,13.9,998.9
2025-06-24,33.6,26.4,29.2,81,1.5,18.6,997.8
2025-06-25,31.5,26.7,28.6,85,10.7,11.4,998.4
2025-06-26,32.5,26.7,28.9,83,4.2,15.7,998.8
2025-06-27,32.8,26.1,28.5,81,6.2,23.4,998.5
2025-06-28,32.5,26.1,28.1,82,9.6,22.9,998.7
2025-06-29,34.1,26.3,28.8,79,4.4,24.0,999.1
2025-06-30,32.0,26.1,28.6,78,15.5,21.0,999.4
2025-07-01,34.8,25.7,29.5,76,5.1,17.2,1000.0
2025-07-02,32.1,25.8,28.0,84,19.7,15.7,999.6
2025-07-03,31.7,24.7,27.5,87,37.7,13.8,999.5
2025-07-04,32.5,25.9,28.0,84,12.6,15.8,1000.5
2025-07-05,31.2,25.8,27.6,88,20.2,15.9,1000.4
2025-07-06,30.1,25.5,27.2,88,20.0,16.3,999.8
2025-07-07,33.3,25.2,28.5,79,2.4,19.4,1000.3
2025-07-08,32.2,25.3,27.8,81,5.2,17.7,1001.5
2025-07-09,34.0,25.5,29.1,76,0.9,18.0,1001.6
2025-07-10,33.4,26.0,29.3,73,0.8,15.2,1002.2
2025-07-11,32.7,26.6,29.4,73,0.0,12.6,1002.7
2025-07-12,32.5,26.3,28.2,80,2.4,16.3,1003.1
2025-07-13,33.0,25.8,28.3,83,21.8,16.8,1002.5
2025-07-14,33.0,25.6,28.7,81,5.5,17.3,1000.5
2025-07-15,34.3,26.9,30.1,74,1.2,18.5,1000.0
2025-07-16,34.9,26.6,30.2,72,0.1,16.2,1001.2
2025-07-17,34.1,26.6,29.8,72,1.3,12.5,1002.5
2025-07-18,31.8,27.1,29.0,79,1.4,14.2,1002.6
2025-07-19,31.1,26.1,27.9,82,7.3,14.9,999.8
2025-07-20,32.0,25.7,28.1,83,8.5,15.2,999.0
2025-07-21,31.9,24.9,28.4,84,14.0,10.0,1001.0
2025-07-22,33.5,26.0,29.6,77,0.6,14.1,1001.2
2025-07-23,32.7,27.3,29.6,72,0.7,16.4,999.4
2025-07-24,32.9,26.6,29.3,75,1.5,15.7,998.1
2025-07-25,33.4,27.0,29.6,77,2.2,18.1,997.7
2025-07-26,32.4,25.4,28.2,84,18.4,16.0,998.4
2025-07-27,27.2,25.1,26.2,93,46.8,17.6,999.0
2025-07-28,31.2,25.6,28.2,81,4.5,19.3,1000.1
2025-07-29,31.1,25.9,27.8,81,2.4,20.6,1000.6
2025-07-30,32.3,26.1,28.8,75,0.5,18.5,1000.1
2025-07-31,30.9,26.2,28.4,78,0.3,15.7,1001.3
2025-08-01,32.7,25.7,29.1,74,0.6,18.9,1002.6
2025-08-02,33.3,25.3,28.6,75,1.2,16.7,1003.4
2025-08-03,32.0,24.9,27.9,81,1.4,13.9,1004.5
2025-08-04,32.0,25.8,28.7,75,1.0,18.0,1005.7
2025-08-05,32.3,26.5,29.0,74,1.0,15.5,1005.4
2025-08-06,32.4,25.4,28.4,77,1.3,13.2,1005.7
2025-08-07,33.0,25.2,28.9,73,0.1,11.8,1005.3
2025-08-08,32.9,25.4,29.1,73,0.1,12.5,1005.8
2025-08-09,32.3,25.6,29.0,72,0.1,12.6,1007.3
2025-08-10,32.6,25.8,29.0,73,2.8,15.1,1006.3
2025-08-11,32.6,26.1,29.1,72,2.2,13.2,1005.6
2025-08-12,32.2,26.1,29.1,72,0.3,14.1,1004.2
2025-08-13,31.8,26.1,28.8,76,1.5,11.2,1002.5
2025-08-14,31.7,26.2,28.7,82,3.0,9.9,1002.8
2025-08-15,31.0,25.9,28.2,85,30.6,17.9,1002.1
2025-08-16,30.3,25.5,27.7,89,13.5,7.7,1000.6
2025-08-17,32.4,25.7,28.3,88,5.4,11.9,999.7
2025-08-18,32.6,25.4,28.8,84,6.5,12.5,1001.0
2025-08-19,33.4,25.2,29.0,84,1.6,12.8,999.6
2025-08-20,31.6,26.1,27.6,89,21.0,13.1,998.8
2025-08-21,31.4,25.3,27.3,87,16.5,21.2,1002.5
2025-08-22,28.9,25.4,26.6,89,21.4,20.3,1003.4
2025-08-23,30.4,24.8,26.3,88,20.5,22.3,1002.6
2025-08-24,28.3,24.3,25.9,90,19.3,19.6,1002.9
2025-08-25,32.2,24.1,27.3,84,17.8,18.2,1002.6
2025-08-26,32.4,25.4,28.4,81,0.8,14.3,1003.5
2025-08-27,32.9,25.4,29.0,78,1.3,12.5,1003.3
2025-08-28,31.7,25.0,27.7,88,30.1,15.7,1002.7
2025-08-29,31.2,25.8,27.7,90,31.6,10.3,1002.5
2025-08-30,31.6,25.6,27.6,89,12.9,13.0,1004.2
2025-08-31,30.0,25.3,27.1,90,10.9,12.2,1004.1
2025-09-01,32.2,25.6,28.4,79,1.0,18.8,1001.5
2025-09-02,32.4,25.5,28.3,75,0.4,15.5,1002.2
2025-09-03,32.2,25.0,28.2,78,0.2,16.7,1003.4
2025-09-04,29.7,24.7,26.9,86,5.6,21.3,1003.0
2025-09-05,32.2,24.7,27.7,86,7.5,13.9,1002.7
2025-09-06,29.8,25.0,26.6,90,21.0,20.4,1002.6
2025-09-07,27.2,24.4,25.0,93,61.8,30.5,1002.2
2025-09-08,28.4,24.0,26.1,85,2.9,24.6,1004.1
2025-09-09,31.1,23.5,27.0,80,0.6,14.5,1007.7
2025-09-10,31.1,23.0,27.1,79,0.1,10.5,1008.9
2025-09-11,31.8,22.9,27.2,77,0.0,9.4,1008.3
2025-09-12,31.6,23.9,27.4,74,0.6,9.7,1008.5
2025-09-13,31.9,23.2,27.6,74,0.0,10.2,1008.2
2025-09-14,32.4,24.3,28.2,74,0.0,11.5,1007.7
2025-09-15,32.2,24.7,28.2,74,0.0,14.5,1006.6
2025-09-16,32.1,24.2,27.9,77,0.1,11.8,1005.9
2025-09-17,32.2,24.1,28.2,77,0.3,9.0,1006.5
2025-09-18,32.1,24.3,28.2,77,0.2,8.7,1006.3
2025-09-19,32.3,25.0,28.5,80,0.7,10.0,1007.1
2025-09-20,32.3,25.2,28.3,82,1.1,10.8,1007.3
2025-09-21,32.1,25.1,28.4,78,0.0,11.4,1006.9
2025-09-22,32.5,25.6,28.6,72,0.0,11.7,1007.4
2025-09-23,32.7,25.0,28.6,69,0.0,12.2,1007.5
2025-09-24,31.4,24.2,27.7,70,0.3,11.6,1006.2
2025-09-25,31.0,23.9,27.5,75,1.4,8.7,1006.1
2025-09-26,33.6,24.4,28.9,69,0.0,12.2,1006.5
2025-09-27,35.5,26.3,30.5,59,0.0,16.6,1005.8
2025-09-28,32.7,26.4,28.3,76,21.8,18.0,1002.7
2025-09-29,31.3,25.4,28.0,80,0.4,24.1,1000.9
2025-09-30,29.8,24.4,26.7,81,1.0,19.5,1002.8
2025-10-01,30.0,24.0,26.9,80,0.4,16.8,1003.3
2025-10-02,30.4,24.9,26.8,81,4.7,17.2,1006.0
2025-10-03,31.9,24.4,27.6,80,0.9,12.4,1009.0
2025-10-04,31.7,24.3,27.7,76,0.0,9.8,1009.8
2025-10-05,31.4,24.5,27.7,76,0.6,13.2,1009.2
2025-10-06,31.2,24.0,26.8,78,1.4,17.2,1009.7
2025-10-07,31.0,22.6,26.6,74,1.8,11.3,1010.3
2025-10-08,31.5,22.0,26.6,66,0.0,9.1,1011.5
2025-10-09,32.1,21.9,26.5,57,0.0,11.1,1012.5
2025-10-10,31.9,21.5,26.2,56,0.0,9.5,1011.6
2025-10-11,31.8,19.8,25.4,54,0.0,9.4,1011.7
2025-10-12,32.3,19.4,25.5,56,0.0,9.9,1011.3
2025-10-13,32.5,19.3,25.6,58,0.0,8.2,1011.6
2025-10-14,32.5,19.9,25.6,53,0.0,11.3,1009.9
2025-10-15,32.7,19.8,25.7,53,0.0,11.1,1009.4
2025-10-16,33.2,20.4,26.4,56,0.0,10.4,1009.7
2025-10-17,33.4,20.5,26.3,55,0.0,11.1,1010.9
2025-10-18,33.6,18.8,26.1,59,0.0,11.0,1010.1
2025-10-19,33.5,19.7,26.0,57,0.0,12.2,1009.1
2025-10-20,33.3,20.4,26.2,60,0.0,10.5,1009.0
2025-10-21,33.2,22.7,27.5,60,0.0,13.5,1010.4
2025-10-22,34.0,23.0,27.5,54,0.0,15.4,1011.1
2025-10-23,33.8,22.3,27.3,54,0.0,18.6,1010.1
2025-10-24,33.1,24.8,28.1,56,0.0,16.7,1009.5
2025-10-25,32.7,24.8,27.8,60,0.1,17.8,1008.4
2025-10-26,29.8,23.4,26.2,77,1.2,20.8,1008.6
2025-10-27,26.3,23.1,24.3,92,43.1,19.4,1008.4
2025-10-28,25.9,22.4,23.9,89,11.1,18.5,1008.5
2025-10-29,29.9,22.4,25.6,75,0.9,18.4,1008.0
2025-10-30,27.6,23.5,25.0,81,13.2,19.8,1008.3
2025-10-31,28.1,23.0,25.0,82,5.0,18.3,1009.7
2025-11-01,29.2,23.4,25.8,81,0.1,13.5,1010.3
2025-11-02,31.0,23.3,26.4,85,0.5,11.2,1011.2
2025-11-03,31.2,22.7,26.8,82,2.2,15.2,1010.4
2025-11-04,30.5,22.3,25.9,74,0.2,14.8,1010.2
2025-11-05,30.8,20.7,24.8,74,0.0,7.6,1011.1
2025-11-06,30.7,19.4,24.0,65,0.0,8.7,1012.7
2025-11-07,29.8,16.6,22.2,61,0.0,11.1,1014.4
2025-11-08,29.3,15.7,21.4,57,0.0,10.9,1015.6
2025-11-09,29.0,15.1,21.3,58,0.0,9.1,1014.5
2025-11-10,28.8,14.5,21.3,58,0.0,7.6,1013.7
2025-11-11,28.9,14.8,21.6,58,0.0,8.6,1014.6
2025-11-12,29.1,15.5,22.0,59,0.0,8.3,1015.6
2025-11-13,29.1,16.0,21.8,62,0.0,8.7,1016.5
2025-11-14,28.9,16.3,21.3,59,0.0,13.6,1015.9
2025-11-15,28.6,15.5,21.0,51,0.0,15.5,1016.7
2025-11-16,28.0,15.8,20.7,49,0.0,14.7,1018.5
2025-11-17,27.5,14.4,19.8,53,0.0,13.2,1018.0
2025-11-18,27.4,14.1,19.5,57,0.0,13.5,1016.1
2025-11-19,27.6,13.8,19.4,60,0.0,13.2,1015.4
2025-11-20,27.7,14.5,19.8,63,0.0,13.3,1016.0
2025-11-21,28.4,15.5,20.8,66,0.0,13.1,1016.7
2025-11-22,29.2,15.2,21.0,67,0.0,12.6,1015.4
2025-11-23,29.1,14.9,20.9,67,0.0,10.5,1014.8
2025-11-24,28.8,15.8,21.3,67,0.0,12.9,1015.0
2025-11-25,28.7,17.7,22.2,68,0.0,14.5,1014.8
2025-11-26,29.2,18.6,22.9,71,0.0,12.0,1014.2
2025-11-27,29.0,19.5,23.5,73,0.1,15.2,1015.3
2025-11-28,30.5,20.0,24.2,69,0.0,11.2,1015.0
2025-11-29,29.5,19.5,23.4,68,0.0,12.1,1014.4
2025-11-30,28.8,18.1,22.7,71,0.0,9.1,1014.0
2025-12-01,28.4,16.7,22.0,69,0.0,8.5,1013.8
2025-12-02,27.9,15.6,21.1,69,0.0,8.4,1014.0
2025-12-03,27.9,16.0,21.0,61,0.0,12.1,1015.7
2025-12-04,27.3,16.3,20.7,59,0.0,14.7,1017.3
2025-12-05,27.3,16.0,20.5,62,0.0,15.4,1018.2
2025-12-06,26.4,15.3,19.9,58,0.0,15.4,1018.5
2025-12-07,27.4,14.8,19.9,56,0.0,15.2,1017.7
2025-12-08,28.7,14.7,20.2,56,0.0,14.4,1017.7
2025-12-09,28.4,14.4,19.8,58,0.0,13.1,1017.5
2025-12-10,28.9,13.8,19.7,56,0.0,12.8,1017.8
2025-12-11,28.5,13.2,19.4,63,0.0,11.0,1016.7
2025-12-12,28.4,12.7,19.2,67,0.0,9.7,1015.4
2025-12-13,28.5,12.9,19.3,69,0.0,11.4,1015.3
2025-12-14,28.0,14.3,19.7,67,0.0,12.7,1016.0
2025-12-15,28.4,15.1,20.1,63,0.0,13.9,1016.5
2025-12-16,26.7,14.4,19.5,58,0.0,14.0,1016.2
2025-12-17,27.9,13.8,19.6,63,0.0,14.4,1017.1
2025-12-18,28.2,14.2,19.5,60,0.0,12.9,1017.3
2025-12-19,28.4,13.6,19.8,63,0.0,11.7,1015.5
2025-12-20,29.2,14.3,20.7,68,0.0,9.5,1013.5
2025-12-21,28.4,15.7,20.6,63,0.0,11.3,1014.5
2025-12-22,28.7,15.6,20.8,61,0.0,13.3,1015.0
2025-12-23,28.7,14.5,20.8,64,0.0,10.6,1015.0
2025-12-24,27.9,15.3,20.7,59,0.0,11.7,1014.8
2025-12-25,27.5,14.3,19.7,62,0.0,12.4,1014.9
2025-12-26,27.0,14.6,19.5,62,0.0,13.9,1014.9
2025-12-27,26.5,14.3,18.9,60,0.0,15.3,1015.2
2025-12-28,27.0,13.8,19.1,63,0.0,12.6,1015.6
2025-12-29,27.3,13.5,19.1,67,0.0,12.4,1015.2
2025-12-30,27.0,13.5,19.5,68,0.0,9.8,1013.6
2025-12-31,26.5,14.3,20.3,66,0.0,11.1,1011.4
2026-01-01,25.8,16.9,20.6,70,1.1,12.4,1012.9
2026-01-02,25.2,14.3,18.9,63,0.0,11.4,1016.1
2026-01-03,24.6,12.8,17.9,73,0.0,12.1,1016.6
2026-01-04,25.1,12.9,17.7,74,0.0,12.2,1017.5
2026-01-05,24.4,13.1,17.6,64,0.0,16.1,1018.3
2026-01-06,24.8,12.6,17.7,66,0.0,14.1,1018.1
2026-01-07,24.4,13.1,17.4,70,0.0,13.4,1018.6
2026-01-08,24.5,13.3,17.9,74,0.0,13.2,1018.3
2026-01-09,23.8,10.8,16.8,66,0.0,12.3,1018.3
2026-01-10,23.8,10.4,16.0,64,0.0,13.5,1018.1
2026-01-11,25.7,10.4,17.2,72,0.0,11.9,1019.0
2026-01-12,26.6,13.3,18.7,66,0.0,13.9,1018.3
2026-01-13,26.8,13.4,19.0,65,0.0,13.1,1017.8
2026-01-14,25.1,11.1,17.5,55,0.0,10.7,1016.5
2026-01-15,26.3,10.1,17.1,62,0.0,11.2,1015.9
2026-01-16,27.6,12.6,18.7,66,0.0,13.1,1014.6
2026-01-17,26.1,11.9,18.4,70,0.0,12.0,1013.1
2026-01-18,25.0,13.4,18.7,77,0.2,9.4,1012.2
2026-01-19,25.3,12.5,18.5,65,0.0,9.0,1014.4
2026-01-20,25.8,11.1,18.0,64,0.0,8.4,1014.8
2026-01-21,28.5,14.6,20.3,60,0.0,14.8,1014.8
2026-01-22,28.7,15.6,21.3,67,0.0,13.4,1013.9
2026-01-23,23.5,14.2,19.2,64,0.0,14.4,1015.7
2026-01-24,24.0,11.2,16.7,47,0.0,14.9,1019.2
2026-01-25,24.7,12.8,17.7,57,0.0,12.6,1017.3
2026-01-26,28.4,15.4,20.8,67,0.0,14.3,1015.5
2026-01-27,25.7,15.5,19.8,57,0.0,15.9,1016.8
2026-01-28,24.4,12.1,17.6,49,0.0,13.3,1019.0
2026-01-29,25.6,13.2,18.7,53,0.0,17.5,1017.4
2026-01-30,28.0,15.5,20.8,62,0.0,15.8,1015.8
2026-01-31,29.3,17.4,23.0,69,0.1,9.9,1015.4
2026-02-01,28.7,17.8,22.8,73,0.3,8.7,1016.5
2026-02-02,29.4,18.4,23.0,58,0.5,11.4,1016.8
2026-02-03,28.6,17.4,22.3,65,0.0,15.1,1017.2
2026-02-04,29.0,18.4,23.0,59,0.0,17.1,1017.7
2026-02-05,29.4,18.0,22.8,62,0.0,17.5,1017.8
2026-02-06,30.1,17.6,22.9,63,0.0,13.8,1017.6
2026-02-07,30.3,17.7,22.9,53,0.0,11.1,1016.4
2026-02-08,29.7,15.3,21.8,49,0.0,12.7,1014.7
2026-02-09,29.9,14.9,21.6,55,0.0,8.9,1013.4
2026-02-10,28.2,14.8,20.9,58,0.0,12.1,1015.0
2026-02-11,29.8,15.8,22.2,57,0.0,12.7,1016.8
2026-02-12,31.6,17.4,23.6,51,0.0,15.9,1015.5
2026-02-13,31.6,17.8,23.6,57,0.0,11.9,1014.3
2026-02-14,31.4,15.9,23.0,46,0.0,13.0,1013.8
2026-02-15,31.1,14.2,22.2,47,0.0,8.5,1013.6
2026-02-16,30.3,14.5,22.0,56,0.0,7.1,1011.7
2026-02-17,29.4,16.3,22.1,51,0.0,11.0,1011.5
2026-02-18,30.1,17.2,22.9,48,0.0,9.4,1011.7
2026-02-19,30.0,17.7,23.1,54,0.0,16.6,1013.4
2026-02-20,30.9,20.1,24.9,54,0.0,15.6,1014.7
2026-02-21,31.9,19.4,24.9,59,0.0,13.0,1012.2
2026-02-22,32.1,17.4,24.1,52,0.0,7.3,1009.1
2026-02-23,31.4,19.2,24.6,44,0.0,11.4,1009.0
2026-02-24,33.0,19.6,25.8,45,0.0,9.6,1009.9
2026-02-25,34.0,20.8,26.6,43,0.0,10.6,1011.0
2026-02-26,32.1,19.2,25.2,48,0.0,11.1,1010.5
2026-02-27,30.0,17.2,23.5,59,0.0,10.8,1008.8
2026-02-28,30.4,18.7,24.2,55,0.0,9.7,1008.9
2026-03-01,31.5,18.2,24.6,54,0.0,8.0,1010.1
2026-03-02,32.6,19.0,25.5,51,0.0,7.2,1011.7
2026-03-03,34.8,19.3,26.6,45,0.0,10.1,1012.6
2026-03-04,35.5,20.2,27.3,38,0.0,10.7,1013.4
2026-03-05,35.1,20.8,26.8,36,0.0,12.4,1012.7
2026-03-06,33.2,18.6,25.1,55,0.0,9.0,1011.1
2026-03-07,34.4,17.1,25.5,58,0.0,8.0,1011.2
2026-03-08,36.6,18.6,27.1,46,0.0,10.4,1011.8
2026-03-09,37.7,20.9,28.9,33,0.0,14.1,1011.8
2026-03-10,38.4,22.0,29.8,24,0.0,11.9,1012.7
2026-03-11,37.9,21.6,29.5,26,0.0,13.1,1012.4
2026-03-12,36.9,20.4,28.3,30,0.0,13.4,1010.2
2026-03-13,37.1,19.8,27.9,35,0.0,15.4,1008.8
2026-03-14,35.6,20.2,27.9,34,0.0,15.1,1009.1
2026-03-15,36.3,22.1,28.2,41,0.0,14.2,1009.4
2026-03-16,35.5,20.5,27.1,37,0.0,16.3,1008.4
2026-03-17,35.0,20.3,27.0,44,0.0,12.5,1008.4
2026-03-18,34.3,21.0,27.1,35,0.0,11.9,1009.6
2026-03-19,33.7,20.4,25.5,49,1.1,37.3,1011.6
2026-03-20,30.5,17.5,23.6,62,0.0,15.2,1011.2
2026-03-21,31.7,18.0,24.9,42,0.0,8.1,1012.0
2026-03-22,33.7,19.9,26.9,42,0.0,9.0,1012.2
2026-03-23,35.1,23.1,28.3,43,0.0,14.7,1010.8
2026-03-24,34.3,22.0,28.2,44,0.0,8.6,1009.7
2026-03-25,35.1,23.7,29.0,46,0.0,11.4,1009.8
2026-03-26,36.2,23.1,28.8,37,0.0,11.3,1011.5
2026-03-27,36.5,23.3,29.7,38,0.0,15.8,1009.8
2026-03-28,36.0,23.5,29.7,48,0.0,23.8,1006.8
2026-03-29,34.3,24.2,29.0,55,0.2,19.2,1007.9
2026-03-30,34.4,25.0,29.3,48,0.4,13.8,1008.4
2026-03-31,34.3,24.8,29.2,47,0.0,13.8,1009.0
2026-04-01,35.1,23.0,28.8,41,0.0,15.1,1009.1
2026-04-02,34.7,22.7,28.0,45,0.0,20.8,1010.0
2026-04-03,32.6,22.6,26.6,54,1.8,24.5,1010.5
2026-04-04,32.9,23.1,27.1,42,0.1,15.2,1010.0
2026-04-05,33.6,20.7,27.0,36,0.0,11.0,1009.9
2026-04-06,34.6,21.6,27.8,41,0.0,17.3,1009.8
2026-04-07,33.2,22.9,27.6,61,2.2,32.5,1008.7
2026-04-08,34.3,23.8,28.4,54,1.0,19.5,1007.5
2026-04-09,34.6,22.3,28.1,50,0.0,9.4,1010.7
2026-04-10,37.1,22.0,29.4,29,0.0,16.9,1012.4
2026-04-11,37.7,21.6,29.7,29,0.0,9.9,1010.4
2026-04-12,38.5,23.2,30.7,33,0.0,11.4,1007.7
2026-04-13,39.3,22.6,31.3,26,0.0,11.0,1008.2
2026-04-14,39.7,24.8,32.0,33,0.0,18.4,1007.7
2026-04-15,39.6,25.4,31.9,38,0.0,15.4,1005.5
2026-04-16,39.5,24.4,31.7,39,0.0,12.1,1006.0
2026-04-17,39.7,24.9,31.9,32,0.0,12.1,1007.8
2026-04-18,40.3,25.3,32.6,31,0.0,14.4,1007.9
2026-04-19,39.3,25.1,31.5,25,0.0,14.5,1007.4
2026-04-20,39.7,24.4,31.5,34,0.0,13.3,1007.3
2026-04-21,40.2,25.0,32.1,27,0.0,19.4,1007.3
2026-04-22,39.4,23.6,31.4,24,0.0,14.4,1007.3
2026-04-23,40.4,23.5,31.6,37,0.0,14.5,1007.0
2026-04-24,41.4,25.6,33.5,32,0.0,13.2,1006.6
2026-04-25,42.3,27.2,34.3,30,0.0,11.4,1007.2
2026-04-26,43.6,26.6,34.6,31,0.0,16.2,1005.7
2026-04-27,43.3,27.8,35.3,26,0.0,25.0,1004.0
2026-04-28,42.6,25.6,33.8,31,0.0,25.3,1004.0
2026-04-29,41.7,25.6,33.0,39,0.0,23.3,1003.8
2026-04-30,41.0,26.3,32.9,46,0.0,22.2,1004.5
2026-05-01,42.5,26.8,33.6,49,0.0,23.2,1004.1
2026-05-02,43.2,27.4,34.0,47,0.0,25.5,1002.9
2026-05-03,41.6,26.4,33.0,46,0.0,20.9,1002.8
2026-05-04,40.3,26.9,32.6,53,0.0,21.8,1003.5
2026-05-05,39.4,27.4,32.5,48,0.0,13.9,1006.6
2026-05-06,39.1,26.1,32.7,42,0.0,13.2,1006.5
2026-05-07,41.7,27.5,34.2,30,0.0,13.6,1005.3
2026-05-08,42.3,26.7,34.2,24,0.0,13.6,1006.1
2026-05-09,42.6,27.1,34.5,30,0.0,15.9,1006.5
2026-05-10,42.7,28.6,35.2,30,0.0,16.9,1005.4
2026-05-11,44.1,29.2,36.5,26,0.0,18.8,1004.7
2026-05-12,43.5,29.0,36.2,31,0.0,13.7,1003.6
2026-05-13,43.4,28.5,35.8,34,0.0,17.3,1002.0
2026-05-14,42.9,29.5,36.1,31,0.0,23.3,1001.6
2026-05-15,39.9,27.3,33.9,42,0.0,15.5,1003.4
2026-05-16,40.8,28.2,34.4,41,0.0,14.8,1003.8
2026-05-17,41.9,29.5,35.8,37,0.0,17.6,1004.0
2026-05-18,42.8,30.2,36.2,25,0.0,18.9,1003.4
2026-05-19,42.1,27.9,34.9,31,0.0,16.4,1003.6
2026-05-20,42.3,27.6,34.6,44,0.0,19.4,1003.8
2026-05-21,41.2,27.9,34.6,41,0.0,15.2,1004.6
2026-05-22,41.9,28.8,35.2,38,0.0,21.0,1006.5
2026-05-23,42.1,28.5,35.3,43,0.0,16.5,1007.3
2026-05-24,41.2,29.0,35.1,44,0.0,21.0,1007.2
2026-05-25,42.1,27.3,34.6,43,0.0,24.6,1006.2
2026-05-26,41.5,28.0,34.4,52,0.0,16.6,1006.0
2026-05-27,42.2,27.9,34.7,49,0.0,18.7,1006.6
2026-05-28,42.9,28.3,35.0,48,0.0,20.9,1005.9
2026-05-29,41.9,28.7,34.4,50,0.0,24.9,1004.4
2026-05-30,40.6,26.4,33.7,53,0.4,29.7,1004.5
2026-05-31,39.6,24.6,32.3,60,1.3,19.6,1006.2
2026-06-01,38.8,25.3,33.3,57,9.6,18.3,1006.7
2026-06-02,37.2,24.2,30.9,62,1.1,17.3,1006.0
2026-06-03,38.7,28.7,33.6,59,0.4,17.6,1003.7
2026-06-04,39.2,29.4,34.1,54,0.2,18.9,1002.3
2026-06-05,39.1,29.4,33.8,56,0.2,16.5,1002.6
2026-06-06,40.2,29.5,34.5,52,0.0,16.1,1003.5
2026-06-07,39.8,29.3,34.1,56,0.0,24.0,1004.4
2026-06-08,40.8,29.5,34.3,56,0.0,22.5,1003.3
2026-06-09,40.4,29.5,34.2,54,0.0,23.1,1002.7
2026-06-10,41.0,30.1,34.6,53,0.0,25.0,1002.5
2026-06-11,41.2,29.7,34.2,57,0.0,24.2,1001.5
2026-06-12,41.4,29.3,34.5,55,0.0,23.1,1002.5
2026-06-13,40.0,29.3,34.3,50,0.9,23.7,1004.6
2026-06-14,39.2,28.9,33.6,53,0.1,24.2,1005.2
2026-06-15,38.0,28.8,33.2,53,0.2,22.5,1005.0
2026-06-16,38.6,29.2,33.5,52,0.5,19.1,1005.3
2026-06-17,38.9,28.9,32.8,55,1.7,19.6,1005.8
2026-06-18,37.9,25.0,31.4,63,2.1,17.2,1005.8
2026-06-19,37.9,25.3,31.7,62,7.5,20.8,1005.6
2026-06-20,38.8,28.8,33.5,50,0.0,17.9,1006.0
2026-06-21,39.3,29.4,33.8,51,0.0,19.5,1004.8
2026-06-22,39.2,29.3,33.7,51,0.2,22.7,1004.0
2026-06-23,38.5,25.9,33.1,55,1.6,20.2,1002.6
2026-06-24,38.6,29.0,33.7,51,0.1,21.2,1002.0
2026-06-25,37.5,29.2,33.3,52,0.1,19.3,1003.3
2026-06-26,38.7,29.4,33.9,50,0.0,18.1,1004.2
2026-06-27,38.9,29.5,34.5,47,0.0,17.5,1003.6
2026-06-28,39.2,29.6,34.6,47,0.0,18.0,1002.2
2026-06-29,38.9,29.8,33.9,52,0.6,18.0,1001.5
2026-06-30,38.7,28.4,33.2,56,0.5,24.3,1001.4
2026-07-01,37.8,26.7,31.9,65,4.3,22.9,1000.6
2026-07-02,37.7,26.2,30.7,72,5.8,23.4,1001.5
2026-07-03,34.0,27.1,30.1,72,0.4,22.3,1002.1
2026-07-04,33.2,25.7,29.2,74,5.6,15.6,1000.2
2026-07-05,34.6,25.3,29.4,83,13.0,15.3,998.1
2026-07-06,34.8,26.7,29.8,80,21.3,14.9,997.7
2026-07-07,31.3,25.7,28.1,86,29.1,20.9,998.6
2026-07-08,34.6,27.6,31.0,72,0.1,19.1,998.9
